host-timestamp,market-timestamp,selected-company,cashflow,form-action,chart-type,is_news_description_displayed,news_title,deleted-request,MC.PA-shares,OR.PA-shares,RMS.PA-shares,TTE.PA-shares,SAN.PA-shares,AIR.PA-shares,SU.PA-shares,AI.PA-shares,EL.PA-shares,BNP.PA-shares,KER.PA-shares,DG.PA-shares,CS.PA-shares,SAF.PA-shares,RI.PA-shares,DSY.PA-shares,STLAM.MI-shares,BN.PA-shares,STMPA.PA-shares,ACA.PA-shares,MC.PA-totals,OR.PA-totals,RMS.PA-totals,TTE.PA-totals,SAN.PA-totals,AIR.PA-totals,SU.PA-totals,AI.PA-totals,EL.PA-totals,BNP.PA-totals,KER.PA-totals,DG.PA-totals,CS.PA-totals,SAF.PA-totals,RI.PA-totals,DSY.PA-totals,STLAM.MI-totals,BN.PA-totals,STMPA.PA-totals,ACA.PA-totals,action-0,price-0,shares-0,action-1,price-1,shares-1,action-2,price-2,shares-2,action-3,price-3,shares-3,action-4,price-4,shares-4,action-5,price-5,shares-5,action-6,price-6,shares-6,action-7,price-7,shares-7,action-8,price-8,shares-8
1719571094.775589,2005-05-13T00:00:00,OR.PA,100000,sell,market,False,,[],0,0,0,0,0,0,0,0,0,0,0,0,0,0,0,0,0,0,0,0,0.0,0.0,0.0,0.0,0.0,0.0,0.0,0.0,0.0,0.0,0.0,0.0,0.0,0.0,0.0,0.0,0.0,0.0,0.0,0.0,buy,10,1,buy,20,1,buy,30,1,buy,30,1,buy,30,1,,,,,,,,,,,,
1719571099.782052,2005-05-14T00:00:00,OR.PA,100000,sell,market,False,,[],0,0,0,0,0,0,0,0,0,0,0,0,0,0,0,0,0,0,0,0,0.0,0.0,0.0,0.0,0.0,0.0,0.0,0.0,0.0,0.0,0.0,0.0,0.0,0.0,0.0,0.0,0.0,0.0,0.0,0.0,buy,10,1,buy,20,1,buy,30,1,buy,30,1,buy,30,1,,,,,,,,,,,,
1719571104.79692,2005-05-15T00:00:00,OR.PA,100000,sell,market,False,,[],0,0,0,0,0,0,0,0,0,0,0,0,0,0,0,0,0,0,0,0,0.0,0.0,0.0,0.0,0.0,0.0,0.0,0.0,0.0,0.0,0.0,0.0,0.0,0.0,0.0,0.0,0.0,0.0,0.0,0.0,buy,10,1,buy,20,1,buy,30,1,buy,30,1,buy,30,1,,,,,,,,,,,,
1719571109.784817,2005-05-16T00:00:00,OR.PA,100000,sell,market,False,,[],0,0,0,0,0,0,0,0,0,0,0,0,0,0,0,0,0,0,0,0,0.0,0.0,0.0,0.0,0.0,0.0,0.0,0.0,0.0,0.0,0.0,0.0,0.0,0.0,0.0,0.0,0.0,0.0,0.0,0.0,buy,10,1,buy,20,1,buy,30,1,buy,30,1,buy,30,1,,,,,,,,,,,,
1719571114.766228,2005-05-17T00:00:00,OR.PA,100000,sell,market,False,,[],0,0,0,0,0,0,0,0,0,0,0,0,0,0,0,0,0,0,0,0,0.0,0.0,0.0,0.0,0.0,0.0,0.0,0.0,0.0,0.0,0.0,0.0,0.0,0.0,0.0,0.0,0.0,0.0,0.0,0.0,buy,10,1,buy,20,1,buy,30,1,buy,30,1,buy,30,1,,,,,,,,,,,,
1719571119.76373,2005-05-18T00:00:00,OR.PA,100000,sell,market,False,,[],0,0,0,0,0,0,0,0,0,0,0,0,0,0,0,0,0,0,0,0,0.0,0.0,0.0,0.0,0.0,0.0,0.0,0.0,0.0,0.0,0.0,0.0,0.0,0.0,0.0,0.0,0.0,0.0,0.0,0.0,buy,10,1,buy,20,1,buy,30,1,buy,30,1,buy,30,1,,,,,,,,,,,,
1719571124.774707,2005-05-19T00:00:00,OR.PA,100000,sell,market,False,,[],0,0,0,0,0,0,0,0,0,0,0,0,0,0,0,0,0,0,0,0,0.0,0.0,0.0,0.0,0.0,0.0,0.0,0.0,0.0,0.0,0.0,0.0,0.0,0.0,0.0,0.0,0.0,0.0,0.0,0.0,buy,10,1,buy,20,1,buy,30,1,buy,30,1,buy,30,1,,,,,,,,,,,,
1719571129.772616,2005-05-20T00:00:00,OR.PA,100000,sell,market,False,,[],0,0,0,0,0,0,0,0,0,0,0,0,0,0,0,0,0,0,0,0,0.0,0.0,0.0,0.0,0.0,0.0,0.0,0.0,0.0,0.0,0.0,0.0,0.0,0.0,0.0,0.0,0.0,0.0,0.0,0.0,buy,10,1,buy,20,1,buy,30,1,buy,30,1,buy,30,1,,,,,,,,,,,,
1719571134.765415,2005-05-21T00:00:00,OR.PA,100000,sell,market,False,,[],0,0,0,0,0,0,0,0,0,0,0,0,0,0,0,0,0,0,0,0,0.0,0.0,0.0,0.0,0.0,0.0,0.0,0.0,0.0,0.0,0.0,0.0,0.0,0.0,0.0,0.0,0.0,0.0,0.0,0.0,buy,10,1,buy,20,1,buy,30,1,buy,30,1,buy,30,1,,,,,,,,,,,,
1719571139.789553,2005-05-22T00:00:00,OR.PA,100000,sell,market,False,,[],0,0,0,0,0,0,0,0,0,0,0,0,0,0,0,0,0,0,0,0,0.0,0.0,0.0,0.0,0.0,0.0,0.0,0.0,0.0,0.0,0.0,0.0,0.0,0.0,0.0,0.0,0.0,0.0,0.0,0.0,buy,10,1,buy,20,1,buy,30,1,buy,30,1,buy,30,1,,,,,,,,,,,,
1719571144.781429,2005-05-23T00:00:00,OR.PA,100000,sell,market,False,,[],0,0,0,0,0,0,0,0,0,0,0,0,0,0,0,0,0,0,0,0,0.0,0.0,0.0,0.0,0.0,0.0,0.0,0.0,0.0,0.0,0.0,0.0,0.0,0.0,0.0,0.0,0.0,0.0,0.0,0.0,buy,10,1,buy,20,1,buy,30,1,buy,30,1,buy,30,1,,,,,,,,,,,,
1719571149.763488,2005-05-24T00:00:00,OR.PA,100000,sell,market,False,,[],0,0,0,0,0,0,0,0,0,0,0,0,0,0,0,0,0,0,0,0,0.0,0.0,0.0,0.0,0.0,0.0,0.0,0.0,0.0,0.0,0.0,0.0,0.0,0.0,0.0,0.0,0.0,0.0,0.0,0.0,buy,10,1,buy,20,1,buy,30,1,buy,30,1,buy,30,1,,,,,,,,,,,,
1719571154.769486,2005-05-25T00:00:00,OR.PA,100000,sell,market,False,,[],0,0,0,0,0,0,0,0,0,0,0,0,0,0,0,0,0,0,0,0,0.0,0.0,0.0,0.0,0.0,0.0,0.0,0.0,0.0,0.0,0.0,0.0,0.0,0.0,0.0,0.0,0.0,0.0,0.0,0.0,buy,10,1,buy,20,1,buy,30,1,buy,30,1,buy,30,1,,,,,,,,,,,,
1719571159.774117,2005-05-26T00:00:00,OR.PA,100000,sell,market,False,,[],0,0,0,0,0,0,0,0,0,0,0,0,0,0,0,0,0,0,0,0,0.0,0.0,0.0,0.0,0.0,0.0,0.0,0.0,0.0,0.0,0.0,0.0,0.0,0.0,0.0,0.0,0.0,0.0,0.0,0.0,buy,10,1,buy,20,1,buy,30,1,buy,30,1,buy,30,1,,,,,,,,,,,,
1719571164.769172,2005-05-27T00:00:00,OR.PA,100000,sell,market,False,,[],0,0,0,0,0,0,0,0,0,0,0,0,0,0,0,0,0,0,0,0,0.0,0.0,0.0,0.0,0.0,0.0,0.0,0.0,0.0,0.0,0.0,0.0,0.0,0.0,0.0,0.0,0.0,0.0,0.0,0.0,buy,10,1,buy,20,1,buy,30,1,buy,30,1,buy,30,1,,,,,,,,,,,,
1719571169.759978,2005-05-28T00:00:00,OR.PA,100000,sell,market,False,,[],0,0,0,0,0,0,0,0,0,0,0,0,0,0,0,0,0,0,0,0,0.0,0.0,0.0,0.0,0.0,0.0,0.0,0.0,0.0,0.0,0.0,0.0,0.0,0.0,0.0,0.0,0.0,0.0,0.0,0.0,buy,10,1,buy,20,1,buy,30,1,buy,30,1,buy,30,1,,,,,,,,,,,,
1719571174.780716,2005-05-29T00:00:00,OR.PA,100000,sell,market,False,,[],0,0,0,0,0,0,0,0,0,0,0,0,0,0,0,0,0,0,0,0,0.0,0.0,0.0,0.0,0.0,0.0,0.0,0.0,0.0,0.0,0.0,0.0,0.0,0.0,0.0,0.0,0.0,0.0,0.0,0.0,buy,10,1,buy,20,1,buy,30,1,buy,30,1,buy,30,1,,,,,,,,,,,,
1719571179.770446,2005-05-30T00:00:00,OR.PA,100000,sell,market,False,,[],0,0,0,0,0,0,0,0,0,0,0,0,0,0,0,0,0,0,0,0,0.0,0.0,0.0,0.0,0.0,0.0,0.0,0.0,0.0,0.0,0.0,0.0,0.0,0.0,0.0,0.0,0.0,0.0,0.0,0.0,buy,10,1,buy,20,1,buy,30,1,buy,30,1,buy,30,1,,,,,,,,,,,,
1719571184.784499,2005-05-31T00:00:00,OR.PA,100000,sell,market,False,,[],0,0,0,0,0,0,0,0,0,0,0,0,0,0,0,0,0,0,0,0,0.0,0.0,0.0,0.0,0.0,0.0,0.0,0.0,0.0,0.0,0.0,0.0,0.0,0.0,0.0,0.0,0.0,0.0,0.0,0.0,buy,10,1,buy,20,1,buy,30,1,buy,30,1,buy,30,1,,,,,,,,,,,,
1719571189.78176,2005-06-01T00:00:00,OR.PA,100000,sell,market,False,,[],0,0,0,0,0,0,0,0,0,0,0,0,0,0,0,0,0,0,0,0,0.0,0.0,0.0,0.0,0.0,0.0,0.0,0.0,0.0,0.0,0.0,0.0,0.0,0.0,0.0,0.0,0.0,0.0,0.0,0.0,buy,10,1,buy,20,1,buy,30,1,buy,30,1,buy,30,1,,,,,,,,,,,,
1719571194.781392,2005-06-02T00:00:00,OR.PA,100000,sell,market,False,,[],0,0,0,0,0,0,0,0,0,0,0,0,0,0,0,0,0,0,0,0,0.0,0.0,0.0,0.0,0.0,0.0,0.0,0.0,0.0,0.0,0.0,0.0,0.0,0.0,0.0,0.0,0.0,0.0,0.0,0.0,buy,10,1,buy,20,1,buy,30,1,buy,30,1,buy,30,1,,,,,,,,,,,,
1719571199.773919,2005-06-03T00:00:00,OR.PA,100000,sell,market,False,,[],0,0,0,0,0,0,0,0,0,0,0,0,0,0,0,0,0,0,0,0,0.0,0.0,0.0,0.0,0.0,0.0,0.0,0.0,0.0,0.0,0.0,0.0,0.0,0.0,0.0,0.0,0.0,0.0,0.0,0.0,buy,10,1,buy,20,1,buy,30,1,buy,30,1,buy,30,1,,,,,,,,,,,,
1719571204.77351,2005-06-04T00:00:00,OR.PA,100000,sell,market,False,,[],0,0,0,0,0,0,0,0,0,0,0,0,0,0,0,0,0,0,0,0,0.0,0.0,0.0,0.0,0.0,0.0,0.0,0.0,0.0,0.0,0.0,0.0,0.0,0.0,0.0,0.0,0.0,0.0,0.0,0.0,buy,10,1,buy,20,1,buy,30,1,buy,30,1,buy,30,1,,,,,,,,,,,,
1719571209.773716,2005-06-05T00:00:00,OR.PA,100000,sell,market,False,,[],0,0,0,0,0,0,0,0,0,0,0,0,0,0,0,0,0,0,0,0,0.0,0.0,0.0,0.0,0.0,0.0,0.0,0.0,0.0,0.0,0.0,0.0,0.0,0.0,0.0,0.0,0.0,0.0,0.0,0.0,buy,10,1,buy,20,1,buy,30,1,buy,30,1,buy,30,1,,,,,,,,,,,,
1719571214.782267,2005-06-06T00:00:00,OR.PA,100000,sell,market,False,,[],0,0,0,0,0,0,0,0,0,0,0,0,0,0,0,0,0,0,0,0,0.0,0.0,0.0,0.0,0.0,0.0,0.0,0.0,0.0,0.0,0.0,0.0,0.0,0.0,0.0,0.0,0.0,0.0,0.0,0.0,buy,10,1,buy,20,1,buy,30,1,buy,30,1,buy,30,1,,,,,,,,,,,,
1719571219.784938,2005-06-07T00:00:00,OR.PA,100000,sell,market,False,,[],0,0,0,0,0,0,0,0,0,0,0,0,0,0,0,0,0,0,0,0,0.0,0.0,0.0,0.0,0.0,0.0,0.0,0.0,0.0,0.0,0.0,0.0,0.0,0.0,0.0,0.0,0.0,0.0,0.0,0.0,buy,10,1,buy,20,1,buy,30,1,buy,30,1,buy,30,1,,,,,,,,,,,,
1719571224.777661,2005-06-08T00:00:00,OR.PA,100000,sell,market,False,,[],0,0,0,0,0,0,0,0,0,0,0,0,0,0,0,0,0,0,0,0,0.0,0.0,0.0,0.0,0.0,0.0,0.0,0.0,0.0,0.0,0.0,0.0,0.0,0.0,0.0,0.0,0.0,0.0,0.0,0.0,buy,10,1,buy,20,1,buy,30,1,buy,30,1,buy,30,1,,,,,,,,,,,,
1719571229.773793,2005-06-09T00:00:00,OR.PA,100000,sell,market,False,,[],0,0,0,0,0,0,0,0,0,0,0,0,0,0,0,0,0,0,0,0,0.0,0.0,0.0,0.0,0.0,0.0,0.0,0.0,0.0,0.0,0.0,0.0,0.0,0.0,0.0,0.0,0.0,0.0,0.0,0.0,buy,10,1,buy,20,1,buy,30,1,buy,30,1,buy,30,1,,,,,,,,,,,,
1719571234.802362,2005-06-10T00:00:00,OR.PA,100000,sell,market,False,,[],0,0,0,0,0,0,0,0,0,0,0,0,0,0,0,0,0,0,0,0,0.0,0.0,0.0,0.0,0.0,0.0,0.0,0.0,0.0,0.0,0.0,0.0,0.0,0.0,0.0,0.0,0.0,0.0,0.0,0.0,buy,10,1,buy,20,1,buy,30,1,buy,30,1,buy,30,1,,,,,,,,,,,,
1719571239.773573,2005-06-11T00:00:00,OR.PA,100000,sell,market,False,,[],0,0,0,0,0,0,0,0,0,0,0,0,0,0,0,0,0,0,0,0,0.0,0.0,0.0,0.0,0.0,0.0,0.0,0.0,0.0,0.0,0.0,0.0,0.0,0.0,0.0,0.0,0.0,0.0,0.0,0.0,buy,10,1,buy,20,1,buy,30,1,buy,30,1,buy,30,1,,,,,,,,,,,,
1719571244.764242,2005-06-12T00:00:00,OR.PA,100000,sell,market,False,,[],0,0,0,0,0,0,0,0,0,0,0,0,0,0,0,0,0,0,0,0,0.0,0.0,0.0,0.0,0.0,0.0,0.0,0.0,0.0,0.0,0.0,0.0,0.0,0.0,0.0,0.0,0.0,0.0,0.0,0.0,buy,10,1,buy,20,1,buy,30,1,buy,30,1,buy,30,1,,,,,,,,,,,,
1719571249.773752,2005-06-13T00:00:00,OR.PA,100000,sell,market,False,,[],0,0,0,0,0,0,0,0,0,0,0,0,0,0,0,0,0,0,0,0,0.0,0.0,0.0,0.0,0.0,0.0,0.0,0.0,0.0,0.0,0.0,0.0,0.0,0.0,0.0,0.0,0.0,0.0,0.0,0.0,buy,10,1,buy,20,1,buy,30,1,buy,30,1,buy,30,1,,,,,,,,,,,,
1719571254.772715,2005-06-14T00:00:00,OR.PA,100000,sell,market,False,,[],0,0,0,0,0,0,0,0,0,0,0,0,0,0,0,0,0,0,0,0,0.0,0.0,0.0,0.0,0.0,0.0,0.0,0.0,0.0,0.0,0.0,0.0,0.0,0.0,0.0,0.0,0.0,0.0,0.0,0.0,buy,10,1,buy,20,1,buy,30,1,buy,30,1,buy,30,1,,,,,,,,,,,,
1719571259.766992,2005-06-15T00:00:00,OR.PA,100000,sell,market,False,,[],0,0,0,0,0,0,0,0,0,0,0,0,0,0,0,0,0,0,0,0,0.0,0.0,0.0,0.0,0.0,0.0,0.0,0.0,0.0,0.0,0.0,0.0,0.0,0.0,0.0,0.0,0.0,0.0,0.0,0.0,buy,10,1,buy,20,1,buy,30,1,buy,30,1,buy,30,1,,,,,,,,,,,,
1719571264.764488,2005-06-16T00:00:00,OR.PA,100000,sell,market,False,,[],0,0,0,0,0,0,0,0,0,0,0,0,0,0,0,0,0,0,0,0,0.0,0.0,0.0,0.0,0.0,0.0,0.0,0.0,0.0,0.0,0.0,0.0,0.0,0.0,0.0,0.0,0.0,0.0,0.0,0.0,buy,10,1,buy,20,1,buy,30,1,buy,30,1,buy,30,1,,,,,,,,,,,,
1719571269.77292,2005-06-17T00:00:00,OR.PA,100000,sell,market,False,,[],0,0,0,0,0,0,0,0,0,0,0,0,0,0,0,0,0,0,0,0,0.0,0.0,0.0,0.0,0.0,0.0,0.0,0.0,0.0,0.0,0.0,0.0,0.0,0.0,0.0,0.0,0.0,0.0,0.0,0.0,buy,10,1,buy,20,1,buy,30,1,buy,30,1,buy,30,1,,,,,,,,,,,,
1719571274.779463,2005-06-18T00:00:00,OR.PA,100000,sell,market,False,,[],0,0,0,0,0,0,0,0,0,0,0,0,0,0,0,0,0,0,0,0,0.0,0.0,0.0,0.0,0.0,0.0,0.0,0.0,0.0,0.0,0.0,0.0,0.0,0.0,0.0,0.0,0.0,0.0,0.0,0.0,buy,10,1,buy,20,1,buy,30,1,buy,30,1,buy,30,1,,,,,,,,,,,,
1719571279.771657,2005-06-19T00:00:00,OR.PA,100000,sell,market,False,,[],0,0,0,0,0,0,0,0,0,0,0,0,0,0,0,0,0,0,0,0,0.0,0.0,0.0,0.0,0.0,0.0,0.0,0.0,0.0,0.0,0.0,0.0,0.0,0.0,0.0,0.0,0.0,0.0,0.0,0.0,buy,10,1,buy,20,1,buy,30,1,buy,30,1,buy,30,1,,,,,,,,,,,,
1719571284.788457,2005-06-20T00:00:00,OR.PA,100000,sell,market,False,,[],0,0,0,0,0,0,0,0,0,0,0,0,0,0,0,0,0,0,0,0,0.0,0.0,0.0,0.0,0.0,0.0,0.0,0.0,0.0,0.0,0.0,0.0,0.0,0.0,0.0,0.0,0.0,0.0,0.0,0.0,buy,10,1,buy,20,1,buy,30,1,buy,30,1,buy,30,1,,,,,,,,,,,,
1719571289.762244,2005-06-21T00:00:00,OR.PA,100000,sell,market,False,,[],0,0,0,0,0,0,0,0,0,0,0,0,0,0,0,0,0,0,0,0,0.0,0.0,0.0,0.0,0.0,0.0,0.0,0.0,0.0,0.0,0.0,0.0,0.0,0.0,0.0,0.0,0.0,0.0,0.0,0.0,buy,10,1,buy,20,1,buy,30,1,buy,30,1,buy,30,1,,,,,,,,,,,,
1719571294.779521,2005-06-22T00:00:00,OR.PA,100000,sell,market,False,,[],0,0,0,0,0,0,0,0,0,0,0,0,0,0,0,0,0,0,0,0,0.0,0.0,0.0,0.0,0.0,0.0,0.0,0.0,0.0,0.0,0.0,0.0,0.0,0.0,0.0,0.0,0.0,0.0,0.0,0.0,buy,10,1,buy,20,1,buy,30,1,buy,30,1,buy,30,1,,,,,,,,,,,,
1719571299.772755,2005-06-23T00:00:00,OR.PA,100000,sell,market,False,,[],0,0,0,0,0,0,0,0,0,0,0,0,0,0,0,0,0,0,0,0,0.0,0.0,0.0,0.0,0.0,0.0,0.0,0.0,0.0,0.0,0.0,0.0,0.0,0.0,0.0,0.0,0.0,0.0,0.0,0.0,buy,10,1,buy,20,1,buy,30,1,buy,30,1,buy,30,1,,,,,,,,,,,,
1719571304.774367,2005-06-24T00:00:00,OR.PA,100000,sell,market,False,,[],0,0,0,0,0,0,0,0,0,0,0,0,0,0,0,0,0,0,0,0,0.0,0.0,0.0,0.0,0.0,0.0,0.0,0.0,0.0,0.0,0.0,0.0,0.0,0.0,0.0,0.0,0.0,0.0,0.0,0.0,buy,10,1,buy,20,1,buy,30,1,buy,30,1,buy,30,1,,,,,,,,,,,,
1719571309.77656,2005-06-25T00:00:00,OR.PA,100000,sell,market,False,,[],0,0,0,0,0,0,0,0,0,0,0,0,0,0,0,0,0,0,0,0,0.0,0.0,0.0,0.0,0.0,0.0,0.0,0.0,0.0,0.0,0.0,0.0,0.0,0.0,0.0,0.0,0.0,0.0,0.0,0.0,buy,10,1,buy,20,1,buy,30,1,buy,30,1,buy,30,1,,,,,,,,,,,,
1719571314.800343,2005-06-26T00:00:00,OR.PA,100000,sell,market,False,,[],0,0,0,0,0,0,0,0,0,0,0,0,0,0,0,0,0,0,0,0,0.0,0.0,0.0,0.0,0.0,0.0,0.0,0.0,0.0,0.0,0.0,0.0,0.0,0.0,0.0,0.0,0.0,0.0,0.0,0.0,buy,10,1,buy,20,1,buy,30,1,buy,30,1,buy,30,1,,,,,,,,,,,,
1719571319.779614,2005-06-27T00:00:00,OR.PA,100000,sell,market,False,,[],0,0,0,0,0,0,0,0,0,0,0,0,0,0,0,0,0,0,0,0,0.0,0.0,0.0,0.0,0.0,0.0,0.0,0.0,0.0,0.0,0.0,0.0,0.0,0.0,0.0,0.0,0.0,0.0,0.0,0.0,buy,10,1,buy,20,1,buy,30,1,buy,30,1,buy,30,1,,,,,,,,,,,,
1719571324.763573,2005-06-28T00:00:00,OR.PA,100000,sell,market,False,,[],0,0,0,0,0,0,0,0,0,0,0,0,0,0,0,0,0,0,0,0,0.0,0.0,0.0,0.0,0.0,0.0,0.0,0.0,0.0,0.0,0.0,0.0,0.0,0.0,0.0,0.0,0.0,0.0,0.0,0.0,buy,10,1,buy,20,1,buy,30,1,buy,30,1,buy,30,1,,,,,,,,,,,,
1719571329.77291,2005-06-29T00:00:00,OR.PA,100000,sell,market,False,,[],0,0,0,0,0,0,0,0,0,0,0,0,0,0,0,0,0,0,0,0,0.0,0.0,0.0,0.0,0.0,0.0,0.0,0.0,0.0,0.0,0.0,0.0,0.0,0.0,0.0,0.0,0.0,0.0,0.0,0.0,buy,10,1,buy,20,1,buy,30,1,buy,30,1,buy,30,1,,,,,,,,,,,,
1719571334.778396,2005-06-30T00:00:00,OR.PA,100000,sell,market,False,,[],0,0,0,0,0,0,0,0,0,0,0,0,0,0,0,0,0,0,0,0,0.0,0.0,0.0,0.0,0.0,0.0,0.0,0.0,0.0,0.0,0.0,0.0,0.0,0.0,0.0,0.0,0.0,0.0,0.0,0.0,buy,10,1,buy,20,1,buy,30,1,buy,30,1,buy,30,1,,,,,,,,,,,,
1719571339.778579,2005-07-01T00:00:00,OR.PA,100000,sell,market,False,,[],0,0,0,0,0,0,0,0,0,0,0,0,0,0,0,0,0,0,0,0,0.0,0.0,0.0,0.0,0.0,0.0,0.0,0.0,0.0,0.0,0.0,0.0,0.0,0.0,0.0,0.0,0.0,0.0,0.0,0.0,buy,10,1,buy,20,1,buy,30,1,buy,30,1,buy,30,1,,,,,,,,,,,,
1719571344.764448,2005-07-02T00:00:00,OR.PA,100000,sell,market,False,,[],0,0,0,0,0,0,0,0,0,0,0,0,0,0,0,0,0,0,0,0,0.0,0.0,0.0,0.0,0.0,0.0,0.0,0.0,0.0,0.0,0.0,0.0,0.0,0.0,0.0,0.0,0.0,0.0,0.0,0.0,buy,10,1,buy,20,1,buy,30,1,buy,30,1,buy,30,1,,,,,,,,,,,,
1719571349.767143,2005-07-03T00:00:00,OR.PA,100000,sell,market,False,,[],0,0,0,0,0,0,0,0,0,0,0,0,0,0,0,0,0,0,0,0,0.0,0.0,0.0,0.0,0.0,0.0,0.0,0.0,0.0,0.0,0.0,0.0,0.0,0.0,0.0,0.0,0.0,0.0,0.0,0.0,buy,10,1,buy,20,1,buy,30,1,buy,30,1,buy,30,1,,,,,,,,,,,,
1719571354.793311,2005-07-04T00:00:00,OR.PA,100000,sell,market,False,,[],0,0,0,0,0,0,0,0,0,0,0,0,0,0,0,0,0,0,0,0,0.0,0.0,0.0,0.0,0.0,0.0,0.0,0.0,0.0,0.0,0.0,0.0,0.0,0.0,0.0,0.0,0.0,0.0,0.0,0.0,buy,10,1,buy,20,1,buy,30,1,buy,30,1,buy,30,1,,,,,,,,,,,,
1719571359.764858,2005-07-05T00:00:00,OR.PA,100000,sell,market,False,,[],0,0,0,0,0,0,0,0,0,0,0,0,0,0,0,0,0,0,0,0,0.0,0.0,0.0,0.0,0.0,0.0,0.0,0.0,0.0,0.0,0.0,0.0,0.0,0.0,0.0,0.0,0.0,0.0,0.0,0.0,buy,10,1,buy,20,1,buy,30,1,buy,30,1,buy,30,1,,,,,,,,,,,,
1719571364.777064,2005-07-06T00:00:00,OR.PA,100000,sell,market,False,,[],0,0,0,0,0,0,0,0,0,0,0,0,0,0,0,0,0,0,0,0,0.0,0.0,0.0,0.0,0.0,0.0,0.0,0.0,0.0,0.0,0.0,0.0,0.0,0.0,0.0,0.0,0.0,0.0,0.0,0.0,buy,10,1,buy,20,1,buy,30,1,buy,30,1,buy,30,1,,,,,,,,,,,,
1719571369.77452,2005-07-07T00:00:00,OR.PA,100000,sell,market,False,,[],0,0,0,0,0,0,0,0,0,0,0,0,0,0,0,0,0,0,0,0,0.0,0.0,0.0,0.0,0.0,0.0,0.0,0.0,0.0,0.0,0.0,0.0,0.0,0.0,0.0,0.0,0.0,0.0,0.0,0.0,buy,10,1,buy,20,1,buy,30,1,buy,30,1,buy,30,1,,,,,,,,,,,,
1719571374.77092,2005-07-08T00:00:00,OR.PA,100000,sell,market,False,,[],0,0,0,0,0,0,0,0,0,0,0,0,0,0,0,0,0,0,0,0,0.0,0.0,0.0,0.0,0.0,0.0,0.0,0.0,0.0,0.0,0.0,0.0,0.0,0.0,0.0,0.0,0.0,0.0,0.0,0.0,buy,10,1,buy,20,1,buy,30,1,buy,30,1,buy,30,1,,,,,,,,,,,,
1719571379.775446,2005-07-09T00:00:00,OR.PA,100000,sell,market,False,,[],0,0,0,0,0,0,0,0,0,0,0,0,0,0,0,0,0,0,0,0,0.0,0.0,0.0,0.0,0.0,0.0,0.0,0.0,0.0,0.0,0.0,0.0,0.0,0.0,0.0,0.0,0.0,0.0,0.0,0.0,buy,10,1,buy,20,1,buy,30,1,buy,30,1,buy,30,1,,,,,,,,,,,,
1719571384.770866,2005-07-10T00:00:00,OR.PA,100000,sell,market,False,,[],0,0,0,0,0,0,0,0,0,0,0,0,0,0,0,0,0,0,0,0,0.0,0.0,0.0,0.0,0.0,0.0,0.0,0.0,0.0,0.0,0.0,0.0,0.0,0.0,0.0,0.0,0.0,0.0,0.0,0.0,buy,10,1,buy,20,1,buy,30,1,buy,30,1,buy,30,1,,,,,,,,,,,,
1719571389.776997,2005-07-11T00:00:00,OR.PA,100000,sell,market,False,,[],0,0,0,0,0,0,0,0,0,0,0,0,0,0,0,0,0,0,0,0,0.0,0.0,0.0,0.0,0.0,0.0,0.0,0.0,0.0,0.0,0.0,0.0,0.0,0.0,0.0,0.0,0.0,0.0,0.0,0.0,buy,10,1,buy,20,1,buy,30,1,buy,30,1,buy,30,1,,,,,,,,,,,,
1719571394.775192,2005-07-12T00:00:00,OR.PA,100000,sell,market,False,,[],0,0,0,0,0,0,0,0,0,0,0,0,0,0,0,0,0,0,0,0,0.0,0.0,0.0,0.0,0.0,0.0,0.0,0.0,0.0,0.0,0.0,0.0,0.0,0.0,0.0,0.0,0.0,0.0,0.0,0.0,buy,10,1,buy,20,1,buy,30,1,buy,30,1,buy,30,1,,,,,,,,,,,,
1719571399.767825,2005-07-13T00:00:00,OR.PA,100000,sell,market,False,,[],0,0,0,0,0,0,0,0,0,0,0,0,0,0,0,0,0,0,0,0,0.0,0.0,0.0,0.0,0.0,0.0,0.0,0.0,0.0,0.0,0.0,0.0,0.0,0.0,0.0,0.0,0.0,0.0,0.0,0.0,buy,10,1,buy,20,1,buy,30,1,buy,30,1,buy,30,1,,,,,,,,,,,,
1719571404.782495,2005-07-14T00:00:00,OR.PA,100000,sell,market,False,,[],0,0,0,0,0,0,0,0,0,0,0,0,0,0,0,0,0,0,0,0,0.0,0.0,0.0,0.0,0.0,0.0,0.0,0.0,0.0,0.0,0.0,0.0,0.0,0.0,0.0,0.0,0.0,0.0,0.0,0.0,buy,10,1,buy,20,1,buy,30,1,buy,30,1,buy,30,1,,,,,,,,,,,,
1719571409.777479,2005-07-15T00:00:00,OR.PA,100000,sell,market,False,,[],0,0,0,0,0,0,0,0,0,0,0,0,0,0,0,0,0,0,0,0,0.0,0.0,0.0,0.0,0.0,0.0,0.0,0.0,0.0,0.0,0.0,0.0,0.0,0.0,0.0,0.0,0.0,0.0,0.0,0.0,buy,10,1,buy,20,1,buy,30,1,buy,30,1,buy,30,1,,,,,,,,,,,,
1719571414.77756,2005-07-16T00:00:00,OR.PA,100000,sell,market,False,,[],0,0,0,0,0,0,0,0,0,0,0,0,0,0,0,0,0,0,0,0,0.0,0.0,0.0,0.0,0.0,0.0,0.0,0.0,0.0,0.0,0.0,0.0,0.0,0.0,0.0,0.0,0.0,0.0,0.0,0.0,buy,10,1,buy,20,1,buy,30,1,buy,30,1,buy,30,1,,,,,,,,,,,,
1719571419.764792,2005-07-17T00:00:00,OR.PA,100000,sell,market,False,,[],0,0,0,0,0,0,0,0,0,0,0,0,0,0,0,0,0,0,0,0,0.0,0.0,0.0,0.0,0.0,0.0,0.0,0.0,0.0,0.0,0.0,0.0,0.0,0.0,0.0,0.0,0.0,0.0,0.0,0.0,buy,10,1,buy,20,1,buy,30,1,buy,30,1,buy,30,1,,,,,,,,,,,,
1719571424.763488,2005-07-18T00:00:00,OR.PA,100000,sell,market,False,,[],0,0,0,0,0,0,0,0,0,0,0,0,0,0,0,0,0,0,0,0,0.0,0.0,0.0,0.0,0.0,0.0,0.0,0.0,0.0,0.0,0.0,0.0,0.0,0.0,0.0,0.0,0.0,0.0,0.0,0.0,buy,10,1,buy,20,1,buy,30,1,buy,30,1,buy,30,1,,,,,,,,,,,,
1719571429.77921,2005-07-19T00:00:00,OR.PA,100000,sell,market,False,,[],0,0,0,0,0,0,0,0,0,0,0,0,0,0,0,0,0,0,0,0,0.0,0.0,0.0,0.0,0.0,0.0,0.0,0.0,0.0,0.0,0.0,0.0,0.0,0.0,0.0,0.0,0.0,0.0,0.0,0.0,buy,10,1,buy,20,1,buy,30,1,buy,30,1,buy,30,1,,,,,,,,,,,,
1719571434.7736,2005-07-19T00:00:00,OR.PA,100000,sell,market,False,,[],0,0,0,0,0,0,0,0,0,0,0,0,0,0,0,0,0,0,0,0,0.0,0.0,0.0,0.0,0.0,0.0,0.0,0.0,0.0,0.0,0.0,0.0,0.0,0.0,0.0,0.0,0.0,0.0,0.0,0.0,buy,10,1,buy,20,1,buy,30,1,buy,30,1,buy,30,1,,,,,,,,,,,,
1719571439.774815,2005-07-19T00:00:00,OR.PA,100000,sell,market,False,,[],0,0,0,0,0,0,0,0,0,0,0,0,0,0,0,0,0,0,0,0,0.0,0.0,0.0,0.0,0.0,0.0,0.0,0.0,0.0,0.0,0.0,0.0,0.0,0.0,0.0,0.0,0.0,0.0,0.0,0.0,buy,10,1,buy,20,1,buy,30,1,buy,30,1,buy,30,1,,,,,,,,,,,,
1719571444.784033,2005-07-19T00:00:00,OR.PA,100000,sell,market,False,,[],0,0,0,0,0,0,0,0,0,0,0,0,0,0,0,0,0,0,0,0,0.0,0.0,0.0,0.0,0.0,0.0,0.0,0.0,0.0,0.0,0.0,0.0,0.0,0.0,0.0,0.0,0.0,0.0,0.0,0.0,buy,10,1,buy,20,1,buy,30,1,buy,30,1,buy,30,1,,,,,,,,,,,,
1719571449.76482,2005-07-19T00:00:00,OR.PA,100000,sell,market,False,,[],0,0,0,0,0,0,0,0,0,0,0,0,0,0,0,0,0,0,0,0,0.0,0.0,0.0,0.0,0.0,0.0,0.0,0.0,0.0,0.0,0.0,0.0,0.0,0.0,0.0,0.0,0.0,0.0,0.0,0.0,buy,10,1,buy,20,1,buy,30,1,buy,30,1,buy,30,1,,,,,,,,,,,,
1719571454.762738,2005-07-19T00:00:00,OR.PA,100000,sell,market,False,,[],0,0,0,0,0,0,0,0,0,0,0,0,0,0,0,0,0,0,0,0,0.0,0.0,0.0,0.0,0.0,0.0,0.0,0.0,0.0,0.0,0.0,0.0,0.0,0.0,0.0,0.0,0.0,0.0,0.0,0.0,buy,10,1,buy,20,1,buy,30,1,buy,30,1,buy,30,1,,,,,,,,,,,,
1719571459.773181,2005-07-19T00:00:00,OR.PA,100000,sell,market,False,,[],0,0,0,0,0,0,0,0,0,0,0,0,0,0,0,0,0,0,0,0,0.0,0.0,0.0,0.0,0.0,0.0,0.0,0.0,0.0,0.0,0.0,0.0,0.0,0.0,0.0,0.0,0.0,0.0,0.0,0.0,buy,10,1,buy,20,1,buy,30,1,buy,30,1,buy,30,1,,,,,,,,,,,,
1719571464.779571,2005-07-19T00:00:00,OR.PA,100000,sell,market,False,,[],0,0,0,0,0,0,0,0,0,0,0,0,0,0,0,0,0,0,0,0,0.0,0.0,0.0,0.0,0.0,0.0,0.0,0.0,0.0,0.0,0.0,0.0,0.0,0.0,0.0,0.0,0.0,0.0,0.0,0.0,buy,10,1,buy,20,1,buy,30,1,buy,30,1,buy,30,1,,,,,,,,,,,,
1719571469.783614,2005-07-19T00:00:00,OR.PA,100000,sell,market,False,,[],0,0,0,0,0,0,0,0,0,0,0,0,0,0,0,0,0,0,0,0,0.0,0.0,0.0,0.0,0.0,0.0,0.0,0.0,0.0,0.0,0.0,0.0,0.0,0.0,0.0,0.0,0.0,0.0,0.0,0.0,buy,10,1,buy,20,1,buy,30,1,buy,30,1,buy,30,1,,,,,,,,,,,,
1719571474.778095,2005-07-19T00:00:00,OR.PA,100000,sell,market,False,,[],0,0,0,0,0,0,0,0,0,0,0,0,0,0,0,0,0,0,0,0,0.0,0.0,0.0,0.0,0.0,0.0,0.0,0.0,0.0,0.0,0.0,0.0,0.0,0.0,0.0,0.0,0.0,0.0,0.0,0.0,buy,10,1,buy,20,1,buy,30,1,buy,30,1,buy,30,1,,,,,,,,,,,,
1719571479.770592,2005-07-19T00:00:00,OR.PA,100000,sell,market,False,,[],0,0,0,0,0,0,0,0,0,0,0,0,0,0,0,0,0,0,0,0,0.0,0.0,0.0,0.0,0.0,0.0,0.0,0.0,0.0,0.0,0.0,0.0,0.0,0.0,0.0,0.0,0.0,0.0,0.0,0.0,buy,10,1,buy,20,1,buy,30,1,buy,30,1,buy,30,1,,,,,,,,,,,,
1719571484.77826,2005-07-19T00:00:00,OR.PA,100000,sell,market,False,,[],0,0,0,0,0,0,0,0,0,0,0,0,0,0,0,0,0,0,0,0,0.0,0.0,0.0,0.0,0.0,0.0,0.0,0.0,0.0,0.0,0.0,0.0,0.0,0.0,0.0,0.0,0.0,0.0,0.0,0.0,buy,10,1,buy,20,1,buy,30,1,buy,30,1,buy,30,1,,,,,,,,,,,,
1719571489.783947,2005-07-19T00:00:00,OR.PA,100000,sell,market,False,,[],0,0,0,0,0,0,0,0,0,0,0,0,0,0,0,0,0,0,0,0,0.0,0.0,0.0,0.0,0.0,0.0,0.0,0.0,0.0,0.0,0.0,0.0,0.0,0.0,0.0,0.0,0.0,0.0,0.0,0.0,buy,10,1,buy,20,1,buy,30,1,buy,30,1,buy,30,1,,,,,,,,,,,,
1719571494.766074,2005-07-19T00:00:00,OR.PA,100000,sell,market,False,,[],0,0,0,0,0,0,0,0,0,0,0,0,0,0,0,0,0,0,0,0,0.0,0.0,0.0,0.0,0.0,0.0,0.0,0.0,0.0,0.0,0.0,0.0,0.0,0.0,0.0,0.0,0.0,0.0,0.0,0.0,buy,10,1,buy,20,1,buy,30,1,buy,30,1,buy,30,1,,,,,,,,,,,,
1719571499.769595,2005-07-19T00:00:00,OR.PA,100000,sell,market,False,,[],0,0,0,0,0,0,0,0,0,0,0,0,0,0,0,0,0,0,0,0,0.0,0.0,0.0,0.0,0.0,0.0,0.0,0.0,0.0,0.0,0.0,0.0,0.0,0.0,0.0,0.0,0.0,0.0,0.0,0.0,buy,10,1,buy,20,1,buy,30,1,buy,30,1,buy,30,1,,,,,,,,,,,,
1719571504.768959,2005-07-19T00:00:00,OR.PA,100000,sell,market,False,,[],0,0,0,0,0,0,0,0,0,0,0,0,0,0,0,0,0,0,0,0,0.0,0.0,0.0,0.0,0.0,0.0,0.0,0.0,0.0,0.0,0.0,0.0,0.0,0.0,0.0,0.0,0.0,0.0,0.0,0.0,buy,10,1,buy,20,1,buy,30,1,buy,30,1,buy,30,1,,,,,,,,,,,,
1719571509.767587,2005-07-19T00:00:00,OR.PA,100000,sell,market,False,,[],0,0,0,0,0,0,0,0,0,0,0,0,0,0,0,0,0,0,0,0,0.0,0.0,0.0,0.0,0.0,0.0,0.0,0.0,0.0,0.0,0.0,0.0,0.0,0.0,0.0,0.0,0.0,0.0,0.0,0.0,buy,10,1,buy,20,1,buy,30,1,buy,30,1,buy,30,1,,,,,,,,,,,,
1719571514.775143,2005-07-19T00:00:00,OR.PA,100000,sell,market,False,,[],0,0,0,0,0,0,0,0,0,0,0,0,0,0,0,0,0,0,0,0,0.0,0.0,0.0,0.0,0.0,0.0,0.0,0.0,0.0,0.0,0.0,0.0,0.0,0.0,0.0,0.0,0.0,0.0,0.0,0.0,buy,10,1,buy,20,1,buy,30,1,buy,30,1,buy,30,1,,,,,,,,,,,,
1719571519.777213,2005-07-19T00:00:00,OR.PA,100000,sell,market,False,,[],0,0,0,0,0,0,0,0,0,0,0,0,0,0,0,0,0,0,0,0,0.0,0.0,0.0,0.0,0.0,0.0,0.0,0.0,0.0,0.0,0.0,0.0,0.0,0.0,0.0,0.0,0.0,0.0,0.0,0.0,buy,10,1,buy,20,1,buy,30,1,buy,30,1,buy,30,1,,,,,,,,,,,,
1719571524.777446,2005-07-19T00:00:00,OR.PA,100000,sell,market,False,,[],0,0,0,0,0,0,0,0,0,0,0,0,0,0,0,0,0,0,0,0,0.0,0.0,0.0,0.0,0.0,0.0,0.0,0.0,0.0,0.0,0.0,0.0,0.0,0.0,0.0,0.0,0.0,0.0,0.0,0.0,buy,10,1,buy,20,1,buy,30,1,buy,30,1,buy,30,1,,,,,,,,,,,,
1719571529.78123,2005-07-19T00:00:00,OR.PA,100000,sell,market,False,,[],0,0,0,0,0,0,0,0,0,0,0,0,0,0,0,0,0,0,0,0,0.0,0.0,0.0,0.0,0.0,0.0,0.0,0.0,0.0,0.0,0.0,0.0,0.0,0.0,0.0,0.0,0.0,0.0,0.0,0.0,buy,10,1,buy,20,1,buy,30,1,buy,30,1,buy,30,1,,,,,,,,,,,,
1719571534.782719,2005-07-19T00:00:00,OR.PA,100000,sell,market,False,,[],0,0,0,0,0,0,0,0,0,0,0,0,0,0,0,0,0,0,0,0,0.0,0.0,0.0,0.0,0.0,0.0,0.0,0.0,0.0,0.0,0.0,0.0,0.0,0.0,0.0,0.0,0.0,0.0,0.0,0.0,buy,10,1,buy,20,1,buy,30,1,buy,30,1,buy,30,1,,,,,,,,,,,,
1719571539.766108,2005-07-19T00:00:00,OR.PA,100000,sell,market,False,,[],0,0,0,0,0,0,0,0,0,0,0,0,0,0,0,0,0,0,0,0,0.0,0.0,0.0,0.0,0.0,0.0,0.0,0.0,0.0,0.0,0.0,0.0,0.0,0.0,0.0,0.0,0.0,0.0,0.0,0.0,buy,10,1,buy,20,1,buy,30,1,buy,30,1,buy,30,1,,,,,,,,,,,,
1719571544.76636,2005-07-19T00:00:00,OR.PA,100000,sell,market,False,,[],0,0,0,0,0,0,0,0,0,0,0,0,0,0,0,0,0,0,0,0,0.0,0.0,0.0,0.0,0.0,0.0,0.0,0.0,0.0,0.0,0.0,0.0,0.0,0.0,0.0,0.0,0.0,0.0,0.0,0.0,buy,10,1,buy,20,1,buy,30,1,buy,30,1,buy,30,1,,,,,,,,,,,,
1719571549.784673,2005-07-19T00:00:00,OR.PA,100000,sell,market,False,,[],0,0,0,0,0,0,0,0,0,0,0,0,0,0,0,0,0,0,0,0,0.0,0.0,0.0,0.0,0.0,0.0,0.0,0.0,0.0,0.0,0.0,0.0,0.0,0.0,0.0,0.0,0.0,0.0,0.0,0.0,buy,10,1,buy,20,1,buy,30,1,buy,30,1,buy,30,1,,,,,,,,,,,,
1719571554.770995,2005-07-19T00:00:00,OR.PA,100000,sell,market,False,,[],0,0,0,0,0,0,0,0,0,0,0,0,0,0,0,0,0,0,0,0,0.0,0.0,0.0,0.0,0.0,0.0,0.0,0.0,0.0,0.0,0.0,0.0,0.0,0.0,0.0,0.0,0.0,0.0,0.0,0.0,buy,10,1,buy,20,1,buy,30,1,buy,30,1,buy,30,1,,,,,,,,,,,,
1719571559.777422,2005-07-19T00:00:00,OR.PA,100000,sell,market,False,,[],0,0,0,0,0,0,0,0,0,0,0,0,0,0,0,0,0,0,0,0,0.0,0.0,0.0,0.0,0.0,0.0,0.0,0.0,0.0,0.0,0.0,0.0,0.0,0.0,0.0,0.0,0.0,0.0,0.0,0.0,buy,10,1,buy,20,1,buy,30,1,buy,30,1,buy,30,1,,,,,,,,,,,,
1719571564.775332,2005-07-19T00:00:00,OR.PA,100000,sell,market,False,,[],0,0,0,0,0,0,0,0,0,0,0,0,0,0,0,0,0,0,0,0,0.0,0.0,0.0,0.0,0.0,0.0,0.0,0.0,0.0,0.0,0.0,0.0,0.0,0.0,0.0,0.0,0.0,0.0,0.0,0.0,buy,10,1,buy,20,1,buy,30,1,buy,30,1,buy,30,1,,,,,,,,,,,,
1719571569.771176,2005-07-19T00:00:00,OR.PA,100000,sell,market,False,,[],0,0,0,0,0,0,0,0,0,0,0,0,0,0,0,0,0,0,0,0,0.0,0.0,0.0,0.0,0.0,0.0,0.0,0.0,0.0,0.0,0.0,0.0,0.0,0.0,0.0,0.0,0.0,0.0,0.0,0.0,buy,10,1,buy,20,1,buy,30,1,buy,30,1,buy,30,1,,,,,,,,,,,,
1719571574.775029,2005-07-19T00:00:00,OR.PA,100000,sell,market,False,,[],0,0,0,0,0,0,0,0,0,0,0,0,0,0,0,0,0,0,0,0,0.0,0.0,0.0,0.0,0.0,0.0,0.0,0.0,0.0,0.0,0.0,0.0,0.0,0.0,0.0,0.0,0.0,0.0,0.0,0.0,buy,10,1,buy,20,1,buy,30,1,buy,30,1,buy,30,1,,,,,,,,,,,,
1719571579.783577,2005-07-19T00:00:00,OR.PA,100000,sell,market,False,,[],0,0,0,0,0,0,0,0,0,0,0,0,0,0,0,0,0,0,0,0,0.0,0.0,0.0,0.0,0.0,0.0,0.0,0.0,0.0,0.0,0.0,0.0,0.0,0.0,0.0,0.0,0.0,0.0,0.0,0.0,buy,10,1,buy,20,1,buy,30,1,buy,30,1,buy,30,1,,,,,,,,,,,,
1719571584.768815,2005-07-19T00:00:00,OR.PA,100000,sell,market,False,,[],0,0,0,0,0,0,0,0,0,0,0,0,0,0,0,0,0,0,0,0,0.0,0.0,0.0,0.0,0.0,0.0,0.0,0.0,0.0,0.0,0.0,0.0,0.0,0.0,0.0,0.0,0.0,0.0,0.0,0.0,buy,10,1,buy,20,1,buy,30,1,buy,30,1,buy,30,1,,,,,,,,,,,,
1719571589.776842,2005-07-19T00:00:00,OR.PA,100000,sell,market,False,,[],0,0,0,0,0,0,0,0,0,0,0,0,0,0,0,0,0,0,0,0,0.0,0.0,0.0,0.0,0.0,0.0,0.0,0.0,0.0,0.0,0.0,0.0,0.0,0.0,0.0,0.0,0.0,0.0,0.0,0.0,buy,10,1,buy,20,1,buy,30,1,buy,30,1,buy,30,1,,,,,,,,,,,,
1719571594.787594,2005-07-19T00:00:00,OR.PA,100000,sell,market,False,,[],0,0,0,0,0,0,0,0,0,0,0,0,0,0,0,0,0,0,0,0,0.0,0.0,0.0,0.0,0.0,0.0,0.0,0.0,0.0,0.0,0.0,0.0,0.0,0.0,0.0,0.0,0.0,0.0,0.0,0.0,buy,10,1,buy,20,1,buy,30,1,buy,30,1,buy,30,1,,,,,,,,,,,,
1719571599.770712,2005-07-19T00:00:00,OR.PA,100000,sell,market,False,,[],0,0,0,0,0,0,0,0,0,0,0,0,0,0,0,0,0,0,0,0,0.0,0.0,0.0,0.0,0.0,0.0,0.0,0.0,0.0,0.0,0.0,0.0,0.0,0.0,0.0,0.0,0.0,0.0,0.0,0.0,buy,10,1,buy,20,1,buy,30,1,buy,30,1,buy,30,1,,,,,,,,,,,,
1719571604.774212,2005-07-19T00:00:00,OR.PA,100000,sell,market,False,,[],0,0,0,0,0,0,0,0,0,0,0,0,0,0,0,0,0,0,0,0,0.0,0.0,0.0,0.0,0.0,0.0,0.0,0.0,0.0,0.0,0.0,0.0,0.0,0.0,0.0,0.0,0.0,0.0,0.0,0.0,buy,10,1,buy,20,1,buy,30,1,buy,30,1,buy,30,1,,,,,,,,,,,,
1719571609.786192,2005-07-19T00:00:00,OR.PA,100000,sell,market,False,,[],0,0,0,0,0,0,0,0,0,0,0,0,0,0,0,0,0,0,0,0,0.0,0.0,0.0,0.0,0.0,0.0,0.0,0.0,0.0,0.0,0.0,0.0,0.0,0.0,0.0,0.0,0.0,0.0,0.0,0.0,buy,10,1,buy,20,1,buy,30,1,buy,30,1,buy,30,1,,,,,,,,,,,,
1719571614.767245,2005-07-19T00:00:00,OR.PA,100000,sell,market,False,,[],0,0,0,0,0,0,0,0,0,0,0,0,0,0,0,0,0,0,0,0,0.0,0.0,0.0,0.0,0.0,0.0,0.0,0.0,0.0,0.0,0.0,0.0,0.0,0.0,0.0,0.0,0.0,0.0,0.0,0.0,buy,10,1,buy,20,1,buy,30,1,buy,30,1,buy,30,1,,,,,,,,,,,,
1719571619.779914,2005-07-19T00:00:00,OR.PA,100000,sell,market,False,,[],0,0,0,0,0,0,0,0,0,0,0,0,0,0,0,0,0,0,0,0,0.0,0.0,0.0,0.0,0.0,0.0,0.0,0.0,0.0,0.0,0.0,0.0,0.0,0.0,0.0,0.0,0.0,0.0,0.0,0.0,buy,10,1,buy,20,1,buy,30,1,buy,30,1,buy,30,1,,,,,,,,,,,,
1719571624.772162,2005-07-19T00:00:00,OR.PA,100000,sell,market,False,,[],0,0,0,0,0,0,0,0,0,0,0,0,0,0,0,0,0,0,0,0,0.0,0.0,0.0,0.0,0.0,0.0,0.0,0.0,0.0,0.0,0.0,0.0,0.0,0.0,0.0,0.0,0.0,0.0,0.0,0.0,buy,10,1,buy,20,1,buy,30,1,buy,30,1,buy,30,1,,,,,,,,,,,,
1719571629.777384,2005-07-19T00:00:00,OR.PA,100000,sell,market,False,,[],0,0,0,0,0,0,0,0,0,0,0,0,0,0,0,0,0,0,0,0,0.0,0.0,0.0,0.0,0.0,0.0,0.0,0.0,0.0,0.0,0.0,0.0,0.0,0.0,0.0,0.0,0.0,0.0,0.0,0.0,buy,10,1,buy,20,1,buy,30,1,buy,30,1,buy,30,1,,,,,,,,,,,,
1719571634.781053,2005-07-19T00:00:00,OR.PA,100000,sell,market,False,,[],0,0,0,0,0,0,0,0,0,0,0,0,0,0,0,0,0,0,0,0,0.0,0.0,0.0,0.0,0.0,0.0,0.0,0.0,0.0,0.0,0.0,0.0,0.0,0.0,0.0,0.0,0.0,0.0,0.0,0.0,buy,10,1,buy,20,1,buy,30,1,buy,30,1,buy,30,1,,,,,,,,,,,,
1719571639.770923,2005-07-19T00:00:00,OR.PA,100000,sell,market,False,,[],0,0,0,0,0,0,0,0,0,0,0,0,0,0,0,0,0,0,0,0,0.0,0.0,0.0,0.0,0.0,0.0,0.0,0.0,0.0,0.0,0.0,0.0,0.0,0.0,0.0,0.0,0.0,0.0,0.0,0.0,buy,10,1,buy,20,1,buy,30,1,buy,30,1,buy,30,1,,,,,,,,,,,,
1719571644.782942,2005-07-19T00:00:00,OR.PA,100000,sell,market,False,,[],0,0,0,0,0,0,0,0,0,0,0,0,0,0,0,0,0,0,0,0,0.0,0.0,0.0,0.0,0.0,0.0,0.0,0.0,0.0,0.0,0.0,0.0,0.0,0.0,0.0,0.0,0.0,0.0,0.0,0.0,buy,10,1,buy,20,1,buy,30,1,buy,30,1,buy,30,1,,,,,,,,,,,,
1719571649.771496,2005-07-19T00:00:00,OR.PA,100000,sell,market,False,,[],0,0,0,0,0,0,0,0,0,0,0,0,0,0,0,0,0,0,0,0,0.0,0.0,0.0,0.0,0.0,0.0,0.0,0.0,0.0,0.0,0.0,0.0,0.0,0.0,0.0,0.0,0.0,0.0,0.0,0.0,buy,10,1,buy,20,1,buy,30,1,buy,30,1,buy,30,1,,,,,,,,,,,,
1719571654.765445,2005-07-19T00:00:00,OR.PA,100000,sell,market,False,,[],0,0,0,0,0,0,0,0,0,0,0,0,0,0,0,0,0,0,0,0,0.0,0.0,0.0,0.0,0.0,0.0,0.0,0.0,0.0,0.0,0.0,0.0,0.0,0.0,0.0,0.0,0.0,0.0,0.0,0.0,buy,10,1,buy,20,1,buy,30,1,buy,30,1,buy,30,1,,,,,,,,,,,,
1719571659.781164,2005-07-19T00:00:00,OR.PA,100000,sell,market,False,,[],0,0,0,0,0,0,0,0,0,0,0,0,0,0,0,0,0,0,0,0,0.0,0.0,0.0,0.0,0.0,0.0,0.0,0.0,0.0,0.0,0.0,0.0,0.0,0.0,0.0,0.0,0.0,0.0,0.0,0.0,buy,10,1,buy,20,1,buy,30,1,buy,30,1,buy,30,1,,,,,,,,,,,,
1719571664.766051,2005-07-19T00:00:00,OR.PA,100000,sell,market,False,,[],0,0,0,0,0,0,0,0,0,0,0,0,0,0,0,0,0,0,0,0,0.0,0.0,0.0,0.0,0.0,0.0,0.0,0.0,0.0,0.0,0.0,0.0,0.0,0.0,0.0,0.0,0.0,0.0,0.0,0.0,buy,10,1,buy,20,1,buy,30,1,buy,30,1,buy,30,1,,,,,,,,,,,,
1719571669.774981,2005-07-19T00:00:00,OR.PA,100000,sell,market,False,,[],0,0,0,0,0,0,0,0,0,0,0,0,0,0,0,0,0,0,0,0,0.0,0.0,0.0,0.0,0.0,0.0,0.0,0.0,0.0,0.0,0.0,0.0,0.0,0.0,0.0,0.0,0.0,0.0,0.0,0.0,buy,10,1,buy,20,1,buy,30,1,buy,30,1,buy,30,1,,,,,,,,,,,,
1719571674.766114,2005-07-19T00:00:00,OR.PA,100000,sell,market,False,,[],0,0,0,0,0,0,0,0,0,0,0,0,0,0,0,0,0,0,0,0,0.0,0.0,0.0,0.0,0.0,0.0,0.0,0.0,0.0,0.0,0.0,0.0,0.0,0.0,0.0,0.0,0.0,0.0,0.0,0.0,buy,10,1,buy,20,1,buy,30,1,buy,30,1,buy,30,1,,,,,,,,,,,,
1719571679.765256,2005-07-19T00:00:00,OR.PA,100000,sell,market,False,,[],0,0,0,0,0,0,0,0,0,0,0,0,0,0,0,0,0,0,0,0,0.0,0.0,0.0,0.0,0.0,0.0,0.0,0.0,0.0,0.0,0.0,0.0,0.0,0.0,0.0,0.0,0.0,0.0,0.0,0.0,buy,10,1,buy,20,1,buy,30,1,buy,30,1,buy,30,1,,,,,,,,,,,,
1719571684.778322,2005-07-19T00:00:00,OR.PA,100000,sell,market,False,,[],0,0,0,0,0,0,0,0,0,0,0,0,0,0,0,0,0,0,0,0,0.0,0.0,0.0,0.0,0.0,0.0,0.0,0.0,0.0,0.0,0.0,0.0,0.0,0.0,0.0,0.0,0.0,0.0,0.0,0.0,buy,10,1,buy,20,1,buy,30,1,buy,30,1,buy,30,1,,,,,,,,,,,,
1719571689.768768,2005-07-19T00:00:00,OR.PA,100000,sell,market,False,,[],0,0,0,0,0,0,0,0,0,0,0,0,0,0,0,0,0,0,0,0,0.0,0.0,0.0,0.0,0.0,0.0,0.0,0.0,0.0,0.0,0.0,0.0,0.0,0.0,0.0,0.0,0.0,0.0,0.0,0.0,buy,10,1,buy,20,1,buy,30,1,buy,30,1,buy,30,1,,,,,,,,,,,,
1719571694.78254,2005-07-19T00:00:00,OR.PA,100000,sell,market,False,,[],0,0,0,0,0,0,0,0,0,0,0,0,0,0,0,0,0,0,0,0,0.0,0.0,0.0,0.0,0.0,0.0,0.0,0.0,0.0,0.0,0.0,0.0,0.0,0.0,0.0,0.0,0.0,0.0,0.0,0.0,buy,10,1,buy,20,1,buy,30,1,buy,30,1,buy,30,1,,,,,,,,,,,,
1719571699.774143,2005-07-19T00:00:00,OR.PA,100000,sell,market,False,,[],0,0,0,0,0,0,0,0,0,0,0,0,0,0,0,0,0,0,0,0,0.0,0.0,0.0,0.0,0.0,0.0,0.0,0.0,0.0,0.0,0.0,0.0,0.0,0.0,0.0,0.0,0.0,0.0,0.0,0.0,buy,10,1,buy,20,1,buy,30,1,buy,30,1,buy,30,1,,,,,,,,,,,,
1719571704.772918,2005-07-19T00:00:00,OR.PA,100000,sell,market,False,,[],0,0,0,0,0,0,0,0,0,0,0,0,0,0,0,0,0,0,0,0,0.0,0.0,0.0,0.0,0.0,0.0,0.0,0.0,0.0,0.0,0.0,0.0,0.0,0.0,0.0,0.0,0.0,0.0,0.0,0.0,buy,10,1,buy,20,1,buy,30,1,buy,30,1,buy,30,1,,,,,,,,,,,,
1719571709.774597,2005-07-19T00:00:00,OR.PA,100000,sell,market,False,,[],0,0,0,0,0,0,0,0,0,0,0,0,0,0,0,0,0,0,0,0,0.0,0.0,0.0,0.0,0.0,0.0,0.0,0.0,0.0,0.0,0.0,0.0,0.0,0.0,0.0,0.0,0.0,0.0,0.0,0.0,buy,10,1,buy,20,1,buy,30,1,buy,30,1,buy,30,1,,,,,,,,,,,,
1719571714.793229,2005-07-19T00:00:00,OR.PA,100000,sell,market,False,,[],0,0,0,0,0,0,0,0,0,0,0,0,0,0,0,0,0,0,0,0,0.0,0.0,0.0,0.0,0.0,0.0,0.0,0.0,0.0,0.0,0.0,0.0,0.0,0.0,0.0,0.0,0.0,0.0,0.0,0.0,buy,10,1,buy,20,1,buy,30,1,buy,30,1,buy,30,1,,,,,,,,,,,,
1719571719.778806,2005-07-19T00:00:00,OR.PA,100000,sell,market,False,,[],0,0,0,0,0,0,0,0,0,0,0,0,0,0,0,0,0,0,0,0,0.0,0.0,0.0,0.0,0.0,0.0,0.0,0.0,0.0,0.0,0.0,0.0,0.0,0.0,0.0,0.0,0.0,0.0,0.0,0.0,buy,10,1,buy,20,1,buy,30,1,buy,30,1,buy,30,1,,,,,,,,,,,,
1719571724.77943,2005-07-19T00:00:00,OR.PA,100000,sell,market,False,,[],0,0,0,0,0,0,0,0,0,0,0,0,0,0,0,0,0,0,0,0,0.0,0.0,0.0,0.0,0.0,0.0,0.0,0.0,0.0,0.0,0.0,0.0,0.0,0.0,0.0,0.0,0.0,0.0,0.0,0.0,buy,10,1,buy,20,1,buy,30,1,buy,30,1,buy,30,1,,,,,,,,,,,,
1719571729.766924,2005-07-19T00:00:00,OR.PA,100000,sell,market,False,,[],0,0,0,0,0,0,0,0,0,0,0,0,0,0,0,0,0,0,0,0,0.0,0.0,0.0,0.0,0.0,0.0,0.0,0.0,0.0,0.0,0.0,0.0,0.0,0.0,0.0,0.0,0.0,0.0,0.0,0.0,buy,10,1,buy,20,1,buy,30,1,buy,30,1,buy,30,1,,,,,,,,,,,,
1719571734.772183,2005-07-19T00:00:00,OR.PA,100000,sell,market,False,,[],0,0,0,0,0,0,0,0,0,0,0,0,0,0,0,0,0,0,0,0,0.0,0.0,0.0,0.0,0.0,0.0,0.0,0.0,0.0,0.0,0.0,0.0,0.0,0.0,0.0,0.0,0.0,0.0,0.0,0.0,buy,10,1,buy,20,1,buy,30,1,buy,30,1,buy,30,1,,,,,,,,,,,,
1719571739.763407,2005-07-19T00:00:00,OR.PA,100000,sell,market,False,,[],0,0,0,0,0,0,0,0,0,0,0,0,0,0,0,0,0,0,0,0,0.0,0.0,0.0,0.0,0.0,0.0,0.0,0.0,0.0,0.0,0.0,0.0,0.0,0.0,0.0,0.0,0.0,0.0,0.0,0.0,buy,10,1,buy,20,1,buy,30,1,buy,30,1,buy,30,1,,,,,,,,,,,,
1719571744.787135,2005-07-19T00:00:00,OR.PA,100000,sell,market,False,,[],0,0,0,0,0,0,0,0,0,0,0,0,0,0,0,0,0,0,0,0,0.0,0.0,0.0,0.0,0.0,0.0,0.0,0.0,0.0,0.0,0.0,0.0,0.0,0.0,0.0,0.0,0.0,0.0,0.0,0.0,buy,10,1,buy,20,1,buy,30,1,buy,30,1,buy,30,1,,,,,,,,,,,,
