uuid,deleted-request,request-1,request-2,request-3,request-4,request-5,request-6,request-7,request-8,request-9,request-10
83e4f2c6-b4fe-460d-8137-1e24e405d5f0,[],buy 10 1 TTE.PA,,,,,,,,,
e285ab73-3659-444f-8f71-15b0c9799b76,[],buy 10 1 TTE.PA,,,,,,,,,
52d7b605-3745-448a-95d4-babc68d5f5ee,[],buy 10 1 TTE.PA,,,,,,,,,
2dada36c-5693-4512-a09c-1b89bee1ea4f,[],buy 10 1 TTE.PA,,,,,,,,,
3c393c37-d321-4add-9556-f2943ebfcb5e,[],buy 10 1 TTE.PA,,,,,,,,,
03529a80-3fd7-403d-af91-2a80c5dd28e2,[],buy 10 1 TTE.PA,,,,,,,,,
24b8c5dd-ffdd-4a59-bf04-f12f04328d9a,[],buy 10 1 TTE.PA,,,,,,,,,
6e364e1c-1f30-443c-aae0-346d27e5d2f6,[],buy 10 1 TTE.PA,,,,,,,,,
11bca7d9-298e-499d-8206-72cf204cf54d,[],buy 10 1 TTE.PA,,,,,,,,,
ecf39529-f59b-43a9-9087-c91e96e0b3ec,[],buy 10 1 TTE.PA,,,,,,,,,
31c499fb-7855-4220-a630-c1211180b41a,[],buy 10 1 TTE.PA,,,,,,,,,
5761bc69-5ab2-4072-9519-7911ada2f33c,[],buy 10 1 TTE.PA,,,,,,,,,
d1884559-67c9-4f49-9c95-df2965eae13a,[True],,,,,,,,,,
c433a87f-3223-439a-a225-ba5350adcafc,[],,,,,,,,,,
d2dc8026-fda7-42cd-b1ee-0ddfd407512e,[],,,,,,,,,,
4d64c5e5-872f-49fd-93ea-100433b247fd,[],,,,,,,,,,
8c90afd3-8a4d-4e22-b8bf-1073e376ee18,[],,,,,,,,,,
4f3a27b1-ac2e-45ba-bb0c-94e0bab6535a,[],,,,,,,,,,
edd402e6-2ab6-4c16-b87e-2442881b1584,[],,,,,,,,,,
ca317b6f-9056-4ca1-8231-1ec5c08c1df8,[],,,,,,,,,,
8ddd7b4c-0f4d-455e-87a7-a2b7e2a9cca9,[],,,,,,,,,,
5036add5-9b14-447d-9679-313539088ed9,[],,,,,,,,,,
4033a82d-cdf5-4052-a6f7-d569de115eba,[],,,,,,,,,,
47fa475f-b89a-41cc-b81c-0bcaedc177e4,[],,,,,,,,,,
88e1ae82-4b06-49f3-8a85-06e5ee44a81c,[],,,,,,,,,,
0dfa075a-3b1e-406a-8d7e-4c3029cd00cd,[],,,,,,,,,,
e6305c2d-5e6b-4c2e-bbcf-551bc679b62e,[],,,,,,,,,,
d70c69eb-3ecd-47fa-993a-3a99c3c8d18b,[],,,,,,,,,,
a423212f-8999-4a7a-ab5a-ebad3cb9f20d,[],,,,,,,,,,
40d011c9-e83b-4151-b264-75922c3851dd,[],,,,,,,,,,
3a821cc9-b2a9-44af-a743-3b22e2435c42,[],,,,,,,,,,
331448b9-6751-487a-a816-a033a73b8a02,[],,,,,,,,,,
fd58d8e5-61db-4d9c-97ac-4fb9c09cb5d9,[],,,,,,,,,,
5cbdbf06-d88c-431c-b2a8-2667c54eb2e1,[],,,,,,,,,,
a159320b-528f-47f3-9afd-19032c72bfa5,[],,,,,,,,,,
0610784b-1781-4071-b76d-65b1dc48e8ff,[],,,,,,,,,,
c0f94b56-8fd7-46c5-babb-ad4d81a2f4a7,[],,,,,,,,,,
ee26db8e-368c-48f9-8ab3-7b68960d3eec,[],,,,,,,,,,
5ce80c90-0830-4685-a47b-9978ae61206e,[],,,,,,,,,,
836a1353-4986-4f5d-adf5-1f53bb061b19,[],,,,,,,,,,
db09da6e-5158-4f96-a082-11882554c189,[],,,,,,,,,,
bd81a6b2-3431-4be5-9245-e97cb84bbdf3,[],,,,,,,,,,
2d4bde4b-e109-4a08-bb03-52715e83c038,[],,,,,,,,,,
be4ac2c8-03ba-4594-8dee-93b24a092106,[],,,,,,,,,,
a25734f7-2dee-4b3d-917b-9df5db24d31c,[],,,,,,,,,,
9880defb-c6db-4205-97ea-e6c711c35296,[],,,,,,,,,,
696dfacb-7156-42d6-acb0-f23963ce058f,[],,,,,,,,,,
f781013e-ee60-4e2c-ac2f-dee3bf461e35,[],,,,,,,,,,
6254a0d0-0305-4d7c-9ccf-e4531c94ff45,[],,,,,,,,,,
fc621a6a-90b5-4f59-8e6d-058e73878d30,[],,,,,,,,,,
ea6602e8-47d2-4a60-bdb9-8775619e4373,[],,,,,,,,,,
e5daa63f-a9a0-4975-b8e0-c822e3d0ca1d,[],,,,,,,,,,
a0d578ff-4ba3-4f9d-9fa2-91f88b363845,[],,,,,,,,,,
0773ca65-a3cf-438a-bce4-80174d237501,[],,,,,,,,,,
a44a91e7-1e56-40a2-8bee-cdaec1315e15,[],,,,,,,,,,
84484bba-4a3f-423b-a98f-576d5ed555f7,[],,,,,,,,,,
6bc54eb5-f35b-46b8-9d7a-0a9b6b550fb1,[],,,,,,,,,,
b67438a2-903b-4e12-990a-d9c5c26b2bca,[],,,,,,,,,,
8903b8a6-33a6-49ad-b6ae-258d974d5368,[],,,,,,,,,,
1d534329-1c48-4b7a-95fb-eb82f3fc1e33,[],,,,,,,,,,
cdab94ff-f0d7-4f82-bf48-0c68ea30507c,[],,,,,,,,,,
35289727-f006-4989-815a-1b3115437f87,[],,,,,,,,,,
85dc8d60-76b2-4697-b22e-c86cdff26490,[],,,,,,,,,,
2277220b-2f0b-42a8-829a-a8537a775639,[],,,,,,,,,,
f34182fb-51a9-44ef-9685-e3317f0cbb78,[],,,,,,,,,,
2b66d3a6-7a23-46cb-8f0b-d3408fb43cee,[],,,,,,,,,,
4d20b516-3233-4280-994c-10629493e086,[],,,,,,,,,,
0bba98db-f4cf-443d-9f16-cb23a99f75c4,[],,,,,,,,,,
3bc2443a-df15-46f7-9099-15004ec8c4dd,[],,,,,,,,,,
34446c32-c39d-4799-8b6f-6f86bac2bed1,[],,,,,,,,,,
11144585-4362-4241-962c-64dc21bbfe65,[],,,,,,,,,,
825c1bb9-8722-4f6f-8aac-22c7e6d41e2b,[],,,,,,,,,,
8471682c-ac35-4616-9daf-23287767ab74,[],,,,,,,,,,
c30cb191-037f-4e27-abb7-c35b595b5e5b,[],,,,,,,,,,
f1269068-3de8-427e-80e6-b252b5db5cd1,[],,,,,,,,,,
959c118a-fb12-4854-b29c-c52faeeb8d41,[],,,,,,,,,,
6b842cf4-fae8-4d44-adc4-7ffccf44fe90,[],,,,,,,,,,
a32dfd9d-cf25-474e-8b21-2f21e45503df,[],,,,,,,,,,
5a476997-f8a3-4f61-9148-3be6da0e83d5,[],,,,,,,,,,
e120ac74-4685-4886-b921-ca3605988e82,[],,,,,,,,,,
986fa21a-1d89-4c52-abf2-71b83878df57,[],,,,,,,,,,
4d375489-6df3-4168-9e13-52934d3c0af5,[],,,,,,,,,,
85b9d7f5-0a4a-4399-80ab-88cd8f7c373d,[],,,,,,,,,,
1b4feced-6da8-4fe9-b24d-d2bc31a4b463,[],,,,,,,,,,
a469877d-15c4-44f3-9ae1-f98a9e85a872,[],,,,,,,,,,
6e931544-a58c-4612-9132-56270a2752d7,[],,,,,,,,,,
a7fcdc0b-a309-49b6-bb69-a93e6547a9a4,[],,,,,,,,,,
5f861277-874b-429a-ab06-9d35c8b162bc,[],,,,,,,,,,
5d6d8bb4-9892-4585-9414-ca49ffc17bab,[],,,,,,,,,,
29ce5d84-0255-45d7-88cf-9ba2872c2b81,[],,,,,,,,,,
19b62efb-9a13-46c8-8fc8-b25fbbcbf0e8,[],,,,,,,,,,
3958c28d-9fd3-4732-a5be-af7d641b132d,[],,,,,,,,,,
c74b137c-da48-452c-96f3-2450aa0d44c8,[],,,,,,,,,,
4a817c04-ff44-4d26-84d5-78e7e2e3b800,[],,,,,,,,,,
04498578-9250-46af-9b9c-b2ce3966ced5,[],,,,,,,,,,
65470ff1-9853-4948-a2a9-7ecfc3abd55a,[],,,,,,,,,,
2b022e16-2d67-46c5-8653-9d5470af5845,[],,,,,,,,,,
60b4c7ba-68e0-4e85-9343-7180103e2f40,[],,,,,,,,,,
e2a9b2df-a5cd-4bac-b896-a94d246d410b,[],,,,,,,,,,
a3384011-3cfa-4320-9ae4-b70368c48fba,[],,,,,,,,,,
0d753fa4-8321-441f-9585-24e5391e737e,[],,,,,,,,,,
a3838c41-2154-4a7d-af1e-dedc4066d759,[],,,,,,,,,,
bcf8ae60-f233-4fe3-a415-18ea65c17142,[],,,,,,,,,,
afac3e8a-931f-4872-b0cf-2eadf4481a11,[],,,,,,,,,,
047418cb-3fc6-4891-9aa7-62c1bebd76a3,[],,,,,,,,,,
b1133f48-8d88-4a29-9c07-ace3542e8186,[],,,,,,,,,,
0320583b-f65f-4342-82a1-4352afed7c66,[],,,,,,,,,,
ad067bb4-df8b-4519-bf70-fb2b30d8514f,[],,,,,,,,,,
7a3e2381-42a4-40a7-8bb9-cd213f72648b,[],,,,,,,,,,
7ecd0274-1f3a-4ce8-a3d2-ca241a6f0782,[],,,,,,,,,,
a76d8f41-4e23-4db0-9f5c-79a183dd7054,[],,,,,,,,,,
4969df1f-3079-4f32-85de-537b8119a75a,[],,,,,,,,,,
2a180f89-d396-4bc2-bbd9-0669b3e30b3a,[],,,,,,,,,,
cea4dca9-a013-4666-8c0a-bbf893320666,[],,,,,,,,,,
343ea026-19f9-48fc-948c-a3dfc1f706ad,[],,,,,,,,,,
8fc6f098-6c5e-4b2a-8563-abf2aa3598ac,[],,,,,,,,,,
4e8da464-26b8-436a-8c69-45c8e3b5d7fd,[],,,,,,,,,,
6f0ae29c-c7d2-437a-8518-6083ae7fb46b,[],,,,,,,,,,
15c52671-7628-4516-a744-984f5d55c4b3,[],,,,,,,,,,
e59d5517-8f15-4007-a693-5cd769c9b0ee,[],,,,,,,,,,
06780834-6dcb-4695-9a6f-ee34bb6713b4,[],,,,,,,,,,
201459fa-dc21-448a-bb01-d5ba9f168b20,[],,,,,,,,,,
daeb05a9-36b8-477d-95ec-a87153ae7a51,[],,,,,,,,,,
9807b1bd-e063-4371-a7d2-18112ca2c4b3,[],,,,,,,,,,
625eff1b-eebc-4dd2-9d8a-0ecab4a576c0,[],,,,,,,,,,
93d20f83-8a3a-45e9-aee4-ce9fd09ce71d,[],,,,,,,,,,
afd7a621-c2b5-46ea-bf30-44bb29303050,[],,,,,,,,,,
fbcd6558-dab0-4b00-bf16-fe68ee687543,[],,,,,,,,,,
b9f4c6b8-8bd9-49cb-8382-8a1de823f1c2,[],,,,,,,,,,
4bef752e-13b4-46b9-856c-b7729ed39065,[],,,,,,,,,,
8a44bbc6-cfa4-42d9-b455-7a161a339d04,[],,,,,,,,,,
940d3c15-e425-4619-af0d-fc66174d56b4,[],,,,,,,,,,
f185b3e9-2c98-423b-964a-180c68ae99b7,[],,,,,,,,,,
9dea1a1e-2f86-4185-ba56-98c1fb02cbd4,[],,,,,,,,,,
07b780e4-7981-4350-a4ba-d1d16a01c4fb,[],,,,,,,,,,
a8e18a8b-e3f8-446d-8539-1bee8e3264af,[],,,,,,,,,,
49f374c3-8d9b-40d3-87e8-c0031b5bdc65,[],,,,,,,,,,
2fbeefb3-7df3-4664-a397-1cb1c139c548,[],,,,,,,,,,
f7668bed-0c54-42a0-8da3-0004553735bc,[],,,,,,,,,,
6ecf7815-103f-47e3-ace2-dd0322331779,[],,,,,,,,,,
1e8d4a3c-0e8b-489b-90dd-db7a5ef8da18,[],,,,,,,,,,
76ba8d87-0f15-4ccf-9943-c81f67525aff,[],,,,,,,,,,
cd111d2d-e58c-41ab-a0b9-388f2e956381,[],,,,,,,,,,
e23305cd-3f1d-4f8a-b3b2-d061a96553ad,[],,,,,,,,,,
8d0cdc65-a5ca-4fe5-8f42-9710fdfe8b48,[],,,,,,,,,,
e1723f0c-ca82-4daf-a967-6783cc09ed46,[],,,,,,,,,,
ce4e57f6-97ad-4908-9701-7ba92626ad77,[],,,,,,,,,,
4272ca40-7868-4436-adae-e02ea1c9405a,[],,,,,,,,,,
361c31e3-eec5-4f59-8923-1e9dfae74682,[],,,,,,,,,,
9c52b2d5-24ee-48e7-9158-b0fc4bf37f16,[],,,,,,,,,,
fa0cd62b-3aaf-4642-9e2a-1586e308dfc8,[],,,,,,,,,,
5defe34c-68d7-4f51-bd3e-ef3061658ce5,[],,,,,,,,,,
3a2ff494-1d6b-453b-ac51-31236229d27c,[],,,,,,,,,,
c27a7887-e2a5-4ac9-86cc-cf0aec7901fc,[],,,,,,,,,,
c647ae57-500c-4e6a-8eed-024f1342a748,[],,,,,,,,,,
b098fcc8-8047-40b9-93ad-c8cfb40981c8,[],,,,,,,,,,
253f19ed-3c61-4cee-b57a-8410a17de67f,[],,,,,,,,,,
63df6182-0f21-4b5d-8cac-b294a2bf117c,[],,,,,,,,,,
cb3c6834-a27b-4aa5-bf02-73c1a8d9e52c,[],,,,,,,,,,
15ad4f68-41d0-4886-ace1-a8d509337bdc,[],,,,,,,,,,
08440027-0833-42b1-b361-73bd58518a52,[],,,,,,,,,,
2cdc52bb-ef67-40f4-9373-533dd4621a02,[],,,,,,,,,,
81be6ff2-81e0-4dc4-97e4-8496e3422a5f,[],,,,,,,,,,
518c38b2-c43c-4b17-957b-8e01e906b06b,[],,,,,,,,,,
66abb505-fb19-4eb2-967b-b48b1c55231a,[],,,,,,,,,,
a0321578-fe7a-485e-93e1-0bef66dc2aeb,[],,,,,,,,,,
2ffcb2b6-12f3-4042-a3c8-bb25877cfee5,[],,,,,,,,,,
b6b94f98-53e8-4f25-997a-b8894939f53a,[],,,,,,,,,,
b89a50b1-a693-4026-b92e-cf8187c48289,[],,,,,,,,,,
0325e1a6-ace8-421c-9988-a0bf83c2e8cf,[],,,,,,,,,,
d8cefd93-ac5a-4437-a3eb-51719a701c49,[],,,,,,,,,,
f32037aa-cfc6-4e7a-bead-69f4c9c5c572,[],,,,,,,,,,
54e5d4fc-49c3-42c5-a2c5-f7a16e790c6b,[],,,,,,,,,,
9b4e0a9f-d72a-4b7c-94a1-3290261de257,[],,,,,,,,,,
2d604474-c4b0-43b9-9904-99cb8ac171c5,[],,,,,,,,,,
f68d6632-5bb9-4f09-b0ce-77a8652ec829,[],,,,,,,,,,
6f75d50e-76d8-401a-9b2c-1ebad4d9be77,[],,,,,,,,,,
fafdf5e6-9cf3-409d-ac0c-8d3b59d83f29,[],,,,,,,,,,
406d288c-1cb3-4058-8d83-41e3165c087c,[],,,,,,,,,,
5450c5a8-c725-4c43-9472-c333da49a0d1,[],,,,,,,,,,
2c3318fd-409f-40dc-be73-11f519970109,[],,,,,,,,,,
5c61cf8a-16d0-4832-bd55-54728e934b39,[],,,,,,,,,,
7a82b283-a041-4b98-a4a8-2efe83fab02e,[],,,,,,,,,,
9d975101-8d06-4584-8ac5-172576701bfb,[],,,,,,,,,,
75fe653d-a824-4877-a6dd-e22b003e16cd,[],,,,,,,,,,
3baa2aa7-006b-4c47-b68c-75c64ba1f7e4,[],,,,,,,,,,
eaf40e55-a271-498d-aa83-bd76d162cb1f,[],,,,,,,,,,
72da80a6-70e5-4c3a-8188-aa91f41fc188,[],,,,,,,,,,
70fc059a-1fc7-4b34-ada7-95c681585abd,[],,,,,,,,,,
62f9f1c2-5f85-4cbe-9024-d9f0e91cf67f,[],,,,,,,,,,
e6ec655f-09f2-48d5-9540-b6724f1b093c,[],,,,,,,,,,
4c84f0d6-4899-421e-9aff-5b624e00fe07,[],,,,,,,,,,
c5e7882b-f4c6-4050-b1a6-51d28542e081,[],,,,,,,,,,
cee36005-010e-40dd-bdeb-d7a8a061b967,[],,,,,,,,,,
9dc1ae69-63e5-4387-8bb7-2a4d1bbc8acb,[],,,,,,,,,,
a05383ae-5c5d-4aba-ace7-5235d11fec38,[],,,,,,,,,,
76fa3b4f-ba3a-4f62-b3ab-f4404f033a29,[],,,,,,,,,,
4a4c09fc-ad5e-4f8a-848f-913e9bbc7642,[],,,,,,,,,,
bc6f0f05-1570-4aef-90ed-6e2485759b65,[],,,,,,,,,,
4ad42312-2f22-482c-8513-6798cb3d0571,[],,,,,,,,,,
7e3ff67d-ecd0-4970-8e6b-550d6f3b5e6f,[],,,,,,,,,,
68330b53-f067-4864-9ee6-0e383746fbb8,[],,,,,,,,,,
afe81348-7d58-42c2-9d2b-5bddfb8a436b,[],,,,,,,,,,
5350c53c-57cd-4c7c-b561-961210ac122e,[],,,,,,,,,,
dfdd0287-f903-4c65-9b80-f4388bb1e124,[],,,,,,,,,,
9c8f743b-0088-4901-a72e-b8660aa5981f,[],,,,,,,,,,
ddad475b-ee4f-41a8-ace1-0a06e4e515e6,[],,,,,,,,,,
a7654950-b5b4-48c4-a6e9-2e25f8eb0ee8,[],,,,,,,,,,
d38a2407-8dac-4d14-89bf-8a6b2558933a,[],,,,,,,,,,
180b8b9d-4776-4bf8-96f8-f932c323a9d6,[],,,,,,,,,,
a37c570e-dd67-4a1a-bc02-83c408e2ed9f,[],,,,,,,,,,
8b922f86-1d9b-4f8f-b28c-6662c1cfaa5c,[],,,,,,,,,,
d542b1df-3322-43ad-91c1-d738e9f68d9f,[],,,,,,,,,,
08cdee95-3207-4b27-9052-1adc6c621479,[],,,,,,,,,,
a1a2a665-615e-4258-b8d6-d31b0cf27829,[],,,,,,,,,,
3242284e-8056-47a8-988a-0bf30a594bc5,[],,,,,,,,,,
4acb5277-221a-4825-b3c5-adcb9352e482,[],,,,,,,,,,
5e8dfd05-e3a6-47c2-a698-aa3ce093daf1,[],,,,,,,,,,
d0267280-5798-4b1c-a742-7f59a8b8a26b,[],,,,,,,,,,
73648d0e-7298-44d6-a64d-126fa24c8f2c,[],,,,,,,,,,
cbc70d01-6b60-4a5b-baba-e0ac8cf6c8e2,[],,,,,,,,,,
2247f5a8-004e-46fe-9f6f-cc795fa265df,[],,,,,,,,,,
1161fd41-17d3-4951-a451-f7f2d410f74f,[],,,,,,,,,,
021c3c0b-a6c9-4eab-a43e-298093563a01,[],,,,,,,,,,
a2fc1210-8ca9-473e-9d6c-be3b58ef5d38,[],,,,,,,,,,
99542657-9c66-443e-9f8f-379bfc1edeb3,[],,,,,,,,,,
2295586e-822e-4ed4-8ad6-2f49ee797c4c,[],,,,,,,,,,
121926c0-981e-4deb-acdb-90adcde1347d,[],,,,,,,,,,
163d974f-6eb7-4e82-8195-77e7bfcd7caf,[],,,,,,,,,,
314eba96-9f3d-4216-81d8-fec60c20194b,[],,,,,,,,,,
6deb028c-9174-48ba-aceb-607aefc0a935,[],,,,,,,,,,
09b0a80e-4c3e-4956-a02c-9c298aa58f21,[],,,,,,,,,,
25d1f52c-e7e2-4904-b39f-6de5f4cda021,[],,,,,,,,,,
e1eab1b3-728b-4402-b886-3a6817ae6054,[],,,,,,,,,,
787c012a-c302-4996-98e4-67db3641a5c5,[],,,,,,,,,,
7fe150b0-8110-4754-98a1-b527cc8f93eb,[],,,,,,,,,,
5f2c3d42-b917-4e17-99a5-0f373a7622bd,[],,,,,,,,,,
1647538e-b38f-4c4e-931c-c8a3dd05ff55,[],,,,,,,,,,
64866bcb-0bfa-435b-af53-6ce89e05cf60,[],,,,,,,,,,
515a40f4-ca93-4c6b-be63-2e32d106bbf3,[],,,,,,,,,,
427f77a1-8015-4c0c-a8cf-30be513e6a7f,[],,,,,,,,,,
3097ad8f-94eb-4a06-8db7-d3d94dd512db,[],,,,,,,,,,
aa33a7c1-ad65-445e-9dba-a7b79026f6a6,[],,,,,,,,,,
b88682d4-84a9-48e5-b9d5-ae534471a420,[],,,,,,,,,,
a12076cb-cc69-4d19-a5ba-e9b362a9dfaf,[],,,,,,,,,,
11d9216a-2a14-4b8a-9d1f-62527878a1b9,[],,,,,,,,,,
8699a139-8c35-4119-b599-8bce83d1a04a,[],,,,,,,,,,
00488115-46a7-41db-82a4-18b5d42f47a7,[],,,,,,,,,,
ea9455b7-9773-43c8-b5d5-71cafaaf8005,[],,,,,,,,,,
ac6862c9-f251-4ee8-be70-e3de53a1d9d3,[],,,,,,,,,,
4e0e58bd-f298-4420-819f-6f37a374fdb4,[],,,,,,,,,,
2db55dc8-0ee0-49dd-85db-17da5e9f41fa,[],,,,,,,,,,
d93f3728-d19c-4834-a22f-b69894aec211,[],,,,,,,,,,
a5c8b647-7a5c-4ec8-b73d-ba4aa9bae983,[],,,,,,,,,,
9960decd-54fa-4620-b969-4e3309cbd0fd,[],,,,,,,,,,
8dd517de-7082-4986-a0ac-5c40e883c580,[],,,,,,,,,,
a2550db6-1013-4c0a-a9a0-5399facafb04,[],,,,,,,,,,
0d18ea0f-115a-493c-9ba1-12de2c4ba7b6,[],,,,,,,,,,
2236b55d-92c2-446d-8d41-a6a61e851ef1,[],,,,,,,,,,
e825f7d7-8853-465a-b770-65521c6ac53d,[],,,,,,,,,,
db4daba1-a112-4c8a-95ec-a9e815fc53a9,[],,,,,,,,,,
f3dc0cd0-a197-44f5-8dec-2fa09527ac83,[],,,,,,,,,,
6a566b8f-63c3-48f2-9522-fb01c7fba193,[],,,,,,,,,,
3942e5ec-9ec5-49dc-92e0-8a71ac447cf6,[],,,,,,,,,,
e8107e65-b743-4d1d-910e-b899b9ddd03a,[],,,,,,,,,,
7aae0a0a-3b80-4506-88cb-b50f08030d5f,[],,,,,,,,,,
cff27083-1bfe-4c7c-b888-6e7317ce5faa,[],,,,,,,,,,
97d2ecd4-2064-48be-915b-afe925f74353,[],,,,,,,,,,
3416c861-acb3-446f-9aae-d1c477eb9430,[],,,,,,,,,,
4e358995-b2f8-4a2e-a300-bb42555ecc3a,[],,,,,,,,,,
4cfb0263-6d66-465f-b21d-1f9e25701d04,[],,,,,,,,,,
d3c037d3-3299-4ef9-b112-638197a6d07e,[],,,,,,,,,,
552b4507-9c1c-4e32-9823-e22a0c95db50,[],,,,,,,,,,
98922204-04ba-4de6-b07e-c95f204470f8,[],,,,,,,,,,
433668a6-8f86-42f8-960c-8b7998c30b92,[],,,,,,,,,,
89940026-bf44-4b20-8080-8466e87bdbb6,[],,,,,,,,,,
aed903f8-9313-4cf3-b4a4-4c50b3aaa32d,[],,,,,,,,,,
993b3919-43ff-4146-bdd3-5cd590558595,[],,,,,,,,,,
65b951e4-1d83-45f2-bb55-fe45adf5a184,[],,,,,,,,,,
8745ab16-99e8-4be3-9ecb-a4b41a004fad,[],,,,,,,,,,
8d382b7f-4dc1-483f-996e-7f7827313d64,[],,,,,,,,,,
68952956-3554-47b2-9cd3-cf2e114024e1,[],,,,,,,,,,
76fc31bf-d76a-4e37-bdbe-c51bd0599afc,[],,,,,,,,,,
6a468b3a-c6ec-4415-8549-df68a69902cb,[],,,,,,,,,,
f5fe94de-5ce9-4b1a-a02c-0acedc1b57b8,[],,,,,,,,,,
d6a5f97d-0b08-44cd-8225-14b1c85ee1e7,[],,,,,,,,,,
a2d91594-1a80-42bd-aeca-9406f005bafe,[],,,,,,,,,,
5458090b-9683-4a0a-9909-c98df317dc60,[],,,,,,,,,,
dfb8bcf2-0bb9-449f-9800-393f407dafcc,[],,,,,,,,,,
e891ebf3-c5ca-4844-a5b7-132e66d4bc5d,[],,,,,,,,,,
d3b02c50-4f86-4026-becc-c73fac1748af,[],,,,,,,,,,
104def87-5521-46ab-9048-ed074b1e1ba0,[],,,,,,,,,,
56283ed9-e3f3-4d0b-b5dc-2584e48e224c,[],,,,,,,,,,
971cce90-e6d0-4fac-9187-c142f85fbfa9,[],,,,,,,,,,
449a41a4-bb84-4359-a393-ac4f615f76f0,[],,,,,,,,,,
0098967f-2ee0-4e4d-a364-757a6f589800,[],,,,,,,,,,
79a27487-b14e-4820-9782-af4d286fbd70,[],,,,,,,,,,
29d20de2-f81e-4688-9c5e-c688984e16a9,[],,,,,,,,,,
087740a9-7e3c-4e1a-bbd6-9f79d6bdb073,[],,,,,,,,,,
e5c51abc-618d-49d9-be3b-150b8971c3d2,[],,,,,,,,,,
8cdd021a-a044-470f-945f-f952575a24ae,[],,,,,,,,,,
a5316ce9-c40a-4222-99d1-8b79f2eb447c,[],,,,,,,,,,
2be44d38-2b24-4639-a1c2-9ab51e4c5cb2,[],,,,,,,,,,
67c237fa-7365-4282-a2b2-626a9b5a5742,[],,,,,,,,,,
539623c0-e4c8-4abd-8665-15376a96103c,[],,,,,,,,,,
6ac7df7e-0fd9-4f3e-955d-1e0b1d69afa3,[],,,,,,,,,,
addbfcf7-7ecf-441f-85fd-bc8b49efdede,[],,,,,,,,,,
2f254665-6545-4695-bb0c-a61a7410c41c,[],,,,,,,,,,
966409e4-f1b7-4ff5-a70b-1c5c52b48722,[],,,,,,,,,,
b5a7308c-e478-46a6-9d3a-9f0d4174c099,[],,,,,,,,,,
c1cf7af2-50e8-468c-8a09-4db6e38f369b,[],,,,,,,,,,
c08aaa52-f9a1-4405-8926-b599d9dc8aba,[],,,,,,,,,,
ef0ba71a-65d4-4585-b4a6-02e5c40b4e8a,[],,,,,,,,,,
7dca9900-bd8f-4bf7-a4ce-722dccdb0ec5,[],,,,,,,,,,
9e2ae459-b527-4b69-b2cc-fea1a19f7763,[],,,,,,,,,,
5798f827-6c27-4c7e-8cd2-dd19648837ec,[],,,,,,,,,,
a48dbba6-c764-44df-bf92-4f1ecf967d1d,[],,,,,,,,,,
4e2cbd73-b989-404e-892e-5a162c9ea869,[],,,,,,,,,,
e91b0a8d-87b6-4edc-9c6b-a360bd0e8f1e,[],,,,,,,,,,
ab4856dd-0130-424f-8049-f3ec6a9cf981,[],,,,,,,,,,
daf64739-f4db-485d-9996-75178670ad3d,[],,,,,,,,,,
40841a25-c624-4827-969f-396c1ce44225,[],,,,,,,,,,
8fe23c5b-cbc0-4b8d-bc5a-36dc05461030,[],,,,,,,,,,
8cd0a867-3f6d-4c5f-81d3-87b316937793,[],,,,,,,,,,
e9521ec7-5f77-4802-86b2-27848a8e0aac,[],,,,,,,,,,
6dafa61e-f75c-4206-9a5e-4d7be0f8cc53,[],,,,,,,,,,
8d022a2d-ee3b-4edf-9afc-72649f33f9f9,[],,,,,,,,,,
aea6601e-0b20-48ff-9f3f-c573de1dc1da,[],,,,,,,,,,
09b52e40-7037-4c0f-be32-095f6da2d765,[],,,,,,,,,,
fa47a931-2a0e-4b57-a1ba-ce744c8bb31e,[],,,,,,,,,,
366ee5b3-b28a-429c-bf99-fb21e13fe64b,[],,,,,,,,,,
b6a3720f-28a3-4c94-b721-475ac3785192,[],,,,,,,,,,
71ebb275-e678-432e-b8a3-b8cdc003aac0,[],,,,,,,,,,
33f96c49-57a9-4fb5-bd1e-e0763bbb6328,[],,,,,,,,,,
49d13bc7-a6d7-4a1c-a1d0-0b9f94ac6d84,[],,,,,,,,,,
a804c262-c33c-4ae0-a6a0-f84e5a44303e,[],,,,,,,,,,
dcb6ed1c-a8b2-4507-8230-8e0253d43411,[],,,,,,,,,,
a745aa4b-c219-49ff-8c5c-4c6d6308e09e,[],,,,,,,,,,
dbc1494c-bf1a-423e-9919-14689f6454cb,[],,,,,,,,,,
895eaf4a-c520-4e2b-a3e0-cd158a6ca3b1,[],,,,,,,,,,
c762f003-8b86-45f2-8d91-b6edc2d4278a,[],,,,,,,,,,
022d9418-41a0-4af0-a4a8-d84ec2dd1dee,[],,,,,,,,,,
8f56080a-aae1-4f24-b8e1-346a47ed12b0,[],,,,,,,,,,
64bcb8e3-7928-45d8-8278-fcfc84167800,[],,,,,,,,,,
31e851ed-ce7d-44fd-8e28-ff83daa10b1f,[],,,,,,,,,,
cff48a35-aae2-4f0b-b1ec-cbd893b2db28,[],,,,,,,,,,
9fab3256-04ee-4720-92ee-8d33dbd82d5a,[],,,,,,,,,,
19c78204-15e3-4d58-877d-4d7850189d00,[],,,,,,,,,,
086ac4cd-3264-4065-9d25-bd92a7e44911,[],,,,,,,,,,
8bc2ad06-a736-49f0-bdb0-56d2c4c2f5a1,[],,,,,,,,,,
8e2e001f-32db-4c2d-bfc7-5594a390a56a,[],,,,,,,,,,
0749d88f-7eeb-4d88-ba78-886cdccb856d,[],,,,,,,,,,
3216cad0-a2c9-41a5-b7a7-92ba6c843189,[],,,,,,,,,,
72a3e1bb-69c3-4755-b595-5569dac8f26b,[],,,,,,,,,,
6ab20a33-d5d3-45c6-bd03-206e0ac926b0,[],,,,,,,,,,
da12b3c7-1509-4200-a2b3-dff5cbdb1d86,[],,,,,,,,,,
8d576e05-91b2-4692-8c04-08c281574c2b,[],,,,,,,,,,
98deeb05-0f56-443c-bc4b-3a664232c235,[],,,,,,,,,,
0ee4f190-7e24-4e60-bdfb-1e15aa335d50,[],,,,,,,,,,
592af45f-0f56-4f63-a590-3ef8c200060e,[],,,,,,,,,,
d76010d8-4944-4466-bed1-c8882cc87860,[],,,,,,,,,,
b52d0ad1-5f5d-4d7e-9dc8-636e26af29d7,[],,,,,,,,,,
2d3edcf6-7ef5-4f35-8bae-d2df6771db38,[],,,,,,,,,,
21c997e8-654f-487b-9d34-82ac3f1d61d5,[],,,,,,,,,,
71c67d63-41b8-42de-be0e-0352be8fc650,[],,,,,,,,,,
486cef5c-0201-4c24-b138-3b05cca51bf8,[],,,,,,,,,,
c0abf3ed-4dd3-4b44-b77a-2fe6453487f3,[],,,,,,,,,,
c32d06dd-b1e8-4a09-aac1-cd649f83a6f1,[],,,,,,,,,,
0cbb6745-dc97-40bf-9c86-1ac077db4f9a,[],,,,,,,,,,
7d491b3e-de85-4942-94a8-3135ba5ca3a1,[],,,,,,,,,,
e0def854-4d2f-4b39-887b-7d2c5ab42de3,[],,,,,,,,,,
db16e736-c803-4f49-b932-81e471c8b2c2,[],,,,,,,,,,
30dd35b1-a94f-4c31-b2c3-eedaad3f0629,[],,,,,,,,,,
ff5fc8c3-1559-4d3e-9004-9f2e83300e6b,[],,,,,,,,,,
5a7bb6e4-38af-49e1-905b-25f0b2811bdb,[],,,,,,,,,,
1d249496-8abb-4cf1-9c93-bfd773d469a2,[],,,,,,,,,,
828d556c-da6c-4095-b70d-4f037847ac99,[],,,,,,,,,,
944eca6b-19cc-4b26-9c9c-aefb94cb8173,[],,,,,,,,,,
2c859187-c027-49b1-9e99-5b51bc1f09ed,[],,,,,,,,,,
cdcbcc42-427d-4ee0-a805-d5e8679eab15,[],,,,,,,,,,
6633b0eb-f18c-492f-9692-ff3c2f2e4c61,[],,,,,,,,,,
930b5fa2-181a-4a8f-b728-fa831dc69c93,[],,,,,,,,,,
f0938bb4-143c-4c5d-9cc3-4e9f1ea6f5ab,[],,,,,,,,,,
3e057af3-3a6e-4dd0-ad4b-c66afb9d477f,[],,,,,,,,,,
b7dde497-bb93-4c16-aa0b-3a211846c62c,[],,,,,,,,,,
14d96c0b-78e9-4060-9950-ce5887f2658a,[],,,,,,,,,,
b7720d60-7ae0-4b15-99cc-cd947b58a9e6,[],,,,,,,,,,
8409bfe7-a201-4c6a-a3a4-16a97f7ec07c,[],,,,,,,,,,
6444f793-c381-482f-9f8b-4fc71ac34825,[],,,,,,,,,,
18b56c4f-5fba-4179-a0f4-a7c5f159450c,[],,,,,,,,,,
f58b3746-98db-4912-9951-7e13721dce08,[],,,,,,,,,,
56d1388d-6760-4c7a-970c-ae9ef38fc7b2,[],,,,,,,,,,
0ec6bc73-ade9-4643-93f7-61bae2a5ddc3,[],,,,,,,,,,
8b8b552d-5f0e-488f-89a2-5c4277341a97,[],,,,,,,,,,
e4b24a23-aac7-407d-a46f-0763c53d5971,[],,,,,,,,,,
8201b848-13d9-4f81-9b16-00d648d1f855,[],,,,,,,,,,
067bb977-518b-4ae8-a981-cae1731df822,[],,,,,,,,,,
f1cd2da4-1c05-43f8-87dd-d44af35a5f81,[],,,,,,,,,,
bb7f2944-b7b3-4d03-aa70-4908c1007afd,[],,,,,,,,,,
c94c210f-8910-4535-9402-6add4efa7584,[],,,,,,,,,,
a355d7e3-bf84-4289-bdb0-09bc9a4ab9d4,[],,,,,,,,,,
b08bd202-ba02-44e0-8dc5-d36eeada413e,[],,,,,,,,,,
2c083609-4f6f-46cd-8a17-bf8b333b6495,[],,,,,,,,,,
5330f895-7a61-4041-bbdd-f6e7c288f8b5,[],,,,,,,,,,
3f5fd75f-adbf-4240-9989-5af10ae255fc,[],,,,,,,,,,
3cb79e75-0700-4b77-a528-73b970a651fb,[],,,,,,,,,,
6d3fa86f-f6f5-44e7-abdc-d455fc073e0b,[],,,,,,,,,,
9cac4128-7a16-4230-b888-a7549952d082,[],,,,,,,,,,
1c883287-97fa-4bf2-b195-27072defd09f,[],,,,,,,,,,
7bcbac2b-1aa8-43cb-aae8-6a87dcb0868e,[],,,,,,,,,,
5f1556f9-9c71-4af2-936e-6aea085ca142,[],,,,,,,,,,
b029cd6c-5842-4747-ba54-edea7148f467,[],,,,,,,,,,
0b35ab58-6adb-4ba2-84f0-1546af2a7cc9,[],,,,,,,,,,
e96f23b7-60dd-4431-a3a0-08150adf75f6,[],,,,,,,,,,
be3e2c08-1c85-499d-849d-b531f74dc94f,[],,,,,,,,,,
ef6f26e0-48f1-4ecd-90b0-3b9a529f3260,[],,,,,,,,,,
f6ca6f54-7c31-40c7-9715-da3f5881e9f9,[],,,,,,,,,,
042b2b42-9511-4a4c-a22d-d21502a16304,[],,,,,,,,,,
eccde54b-ca34-4631-b3d3-6b6c5cf3b102,[],,,,,,,,,,
6282f422-75ba-4e46-b487-10b6d418d296,[],,,,,,,,,,
9cba7a27-effc-44ff-a185-b6abaf882644,[],,,,,,,,,,
1775ee1e-4a03-4399-b2f6-b61dc5017952,[],,,,,,,,,,
1713a833-2498-456d-a890-3f94ad8787c3,[],,,,,,,,,,
3d5a37d4-cfa2-4448-b976-1610f7efb915,[],,,,,,,,,,
2ecc18ab-6a98-4b18-b617-1609c6605182,[],,,,,,,,,,
c4c18913-f1b3-4e4a-8ee8-edcd139b2114,[],,,,,,,,,,
9780b495-aca0-403a-bbb9-dae060f6ad74,[],,,,,,,,,,
83396321-2829-4b80-b6f7-04a3293fcaac,[],,,,,,,,,,
afd26d17-6e60-4b47-a9ff-4177d5f3275e,[],,,,,,,,,,
1f68e955-db02-48e0-9469-86f462d68a8a,[],,,,,,,,,,
a5ce471e-398e-47c3-890a-757dd43eb8ec,[],,,,,,,,,,
e2ee4b27-0655-4ea6-ba03-be63dec3089a,[],,,,,,,,,,
6084f5ca-ca0b-4c22-87bc-83f4e413e5fb,[],,,,,,,,,,
8368c2e7-b36a-476e-a859-dfccb23da7b0,[],,,,,,,,,,
0c196ca4-ac83-4232-8937-d72f360f9e75,[],,,,,,,,,,
03f0df4f-6e5a-480b-936c-b1dd9e72d9cc,[],,,,,,,,,,
a60fdd7b-7b86-4685-8cb8-bf0bbfdca40b,[],,,,,,,,,,
9cc1f7b9-f275-4560-8d9e-d8a651dd8c17,[],,,,,,,,,,
ca669f8f-79ef-456c-b831-8c050fff5988,[],,,,,,,,,,
5a910885-abcb-4cd0-a69e-1d3ed09c00ba,[],,,,,,,,,,
acf0e94d-98e5-4596-885d-e239eb09c44d,[],,,,,,,,,,
c92cebcb-1eba-4951-b5eb-357d329526fd,[],,,,,,,,,,
b188d950-e485-4c53-84c7-c29951db4d2c,[],,,,,,,,,,
2af84eef-a1bb-4511-abb7-59ee9e643869,[],,,,,,,,,,
fa1bfa7f-c3bd-4cb5-a056-a2117bbb199d,[],,,,,,,,,,
8206d7d5-52e3-4787-8261-6a85a9eb484b,[],,,,,,,,,,
a46f1232-878e-4f48-93ca-a46fbeb5cc4c,[],,,,,,,,,,
ed72f804-2b2d-4894-9e50-be8ee568ed6b,[],,,,,,,,,,
eb4f2b00-b0e3-41ba-ba94-20d68dff1c50,[],,,,,,,,,,
13d7958f-b8c3-4834-a00d-bd0f9c75f660,[],,,,,,,,,,
9d67dc1e-71f3-4a9d-a5ba-ed8b8f600def,[],,,,,,,,,,
9893d562-f412-48d4-a70a-75e43c595f95,[],,,,,,,,,,
0fd4053c-1501-4473-bfba-4e4addeaa1b4,[],,,,,,,,,,
f8db54e2-9c3d-4d09-b78d-0ca5d63fd80a,[],,,,,,,,,,
572a6efa-6f0e-44cf-8baa-368ac60bd560,[],,,,,,,,,,
2f8a0201-4fae-44be-b41f-013c70c4d26b,[],,,,,,,,,,
6bda2ec9-9abe-4583-bc44-51867dd3005b,[],,,,,,,,,,
3856b75c-1ba7-4217-81ca-3e88fe56a511,[],,,,,,,,,,
28e93aad-c333-4897-b6e4-120077df6ba5,[],,,,,,,,,,
08050192-26ed-4865-90e3-2f22940680e1,[],,,,,,,,,,
56a8cc85-0808-4ab6-9826-165fe3134dab,[],,,,,,,,,,
29837a8e-3bf6-4045-b93a-f4345c40373c,[],,,,,,,,,,
c179f199-6c0e-4972-83c8-f2933781eaf6,[],,,,,,,,,,
5307e6e1-1ee8-4dd8-890a-ec5cf2af432a,[],,,,,,,,,,
b8fd8abf-2492-4403-a679-dcbac32f125e,[],,,,,,,,,,
6539044d-77ce-4423-a400-b924497ee84e,[],,,,,,,,,,
bcff4f25-5833-4491-b375-56ba5b1d8f68,[],,,,,,,,,,
f2e278a6-3215-4492-93a7-43d38a3d5693,[],,,,,,,,,,
10fbd9d7-8f84-43fb-86ad-7f506400d505,[],,,,,,,,,,
bff9d48f-b4ee-4740-b629-62a4fc18f5dd,[],,,,,,,,,,
52dd8a65-42a6-4aed-940d-67d437ae934b,[],,,,,,,,,,
1bfa6863-d2a5-4073-913b-1f7acd3a6cfc,[],,,,,,,,,,
fb3a167a-537d-428e-9752-ec30aa9c3551,[],,,,,,,,,,
03284a41-9041-4481-bf8a-949d68553366,[],,,,,,,,,,
0f1f844b-b83b-4a7c-b454-94a9abb67eeb,[],,,,,,,,,,
8346ae55-7c02-4ed7-bc10-e71b4668f72d,[],,,,,,,,,,
9f020b20-6f63-45d7-acf0-3dd4aadcc5f7,[],,,,,,,,,,
bdea7fd8-15f6-4119-9227-28b7843d9cf6,[],,,,,,,,,,
389533a0-a98b-4bcf-b19e-600ef2d3e835,[],,,,,,,,,,
fdd947f8-70a3-4b52-840c-1e9870533b96,[],,,,,,,,,,
4b6c0876-05fb-4ba5-8acf-50ed909af097,[],,,,,,,,,,
495be11f-c89d-4f42-9483-586420b19b9e,[],,,,,,,,,,
31e9d0b8-c04d-48a2-970d-0896bf8b1089,[],,,,,,,,,,
5b6d268f-200b-469b-a984-5b3c6f6433e9,[],,,,,,,,,,
fa8e1940-07e3-49ad-9088-cdaa7ed6ed7c,[],,,,,,,,,,
85aa21b6-9003-466f-81f8-bfc36e8d682d,[],,,,,,,,,,
11c593e0-d24f-4f07-9ab1-102f89b2697e,[],,,,,,,,,,
cfc0c8cb-4c14-48a2-8b30-bf8d1990544f,[],,,,,,,,,,
98dc5c9b-9c5c-4b91-b0b5-2f539627fe8d,[],,,,,,,,,,
5b527c2f-7e6a-4b9e-a4a0-fb3722388f06,[],,,,,,,,,,
a2b7d5e7-bd94-45e3-a005-aa29b4f3ea2b,[],,,,,,,,,,
f7acbb1d-e11b-410d-a0f3-35516c92947f,[],,,,,,,,,,
45d58ca5-89db-4966-9dd1-6671e26fdeb9,[],,,,,,,,,,
c17c5cab-25a0-4d36-9fad-930b621104c1,[],,,,,,,,,,
aa95ae08-dfd8-4747-9d82-1435b44cf67b,[],,,,,,,,,,
0e027b52-08d4-4564-896a-7a176c12064e,[],,,,,,,,,,
e97e23cb-a1b4-4757-840b-9a87efc0b678,[],,,,,,,,,,
77460941-2749-44c9-9fe9-e87c0e3a7a05,[],,,,,,,,,,
c239df6e-cece-4bfd-9fee-f1f66358f096,[],,,,,,,,,,
d48e590a-be52-496a-b700-f4921785b9a9,[],,,,,,,,,,
05f61fac-78d9-4050-9ba3-0958ea76c3cd,[],,,,,,,,,,
5825274a-1f8a-4987-b2b8-776ff62ef98f,[],,,,,,,,,,
f2811f71-1368-42b8-99fb-3b43a72fec70,[],,,,,,,,,,
2a7de7ae-c3c1-4358-9c4a-e15fb9776b63,[],,,,,,,,,,
5293cf54-8fe1-4964-af48-82a12f14f73a,[],,,,,,,,,,
b60f61df-7d29-4e58-ba8b-5a7ff161f7b4,[],,,,,,,,,,
ce8dc5b7-5be4-4314-b0ee-cfa1baa2cdbb,[],,,,,,,,,,
f1650e38-8bd5-46e8-be24-57b6065e42f6,[],,,,,,,,,,
d9923e8c-2b1a-47d1-b088-4ef02fb6fa32,[],,,,,,,,,,
812e0c94-acd9-4343-8caa-7f81799d791e,[],,,,,,,,,,
0eec6f81-bf54-47fe-9861-4eb20e568ac4,[],,,,,,,,,,
a1843b67-4fab-4fe5-845d-99257262e095,[],,,,,,,,,,
f5f71ede-5cfa-48ac-8c43-25dc8f6f9769,[],,,,,,,,,,
86f65657-2618-476a-8210-f205a30cae01,[],,,,,,,,,,
13233ce1-3c4e-4e23-a0c6-2a733022481a,[],,,,,,,,,,
32ed5f30-9efb-420e-88d2-f01ca655d30b,[],,,,,,,,,,
fb233d43-c710-4b8b-8eb2-3633bf176889,[],,,,,,,,,,
37ea03af-95a6-47ea-9997-4b16afcb7a8f,[],,,,,,,,,,
4c317e0a-dcf3-4bb7-9afd-cc5e03ffc9f4,[],,,,,,,,,,
39e3d138-9edb-421f-9417-016045533429,[],,,,,,,,,,
9ab5d827-3579-4e8b-ac6f-4531108d173d,[],,,,,,,,,,
7abcf822-ecfc-4f4a-82d6-c338a5bd07dc,[],,,,,,,,,,
f84aa431-6567-463d-8e88-b8d657ccb911,[],,,,,,,,,,
e39b111d-337e-42ae-8231-396cc8a38030,[],,,,,,,,,,
9c56ee75-9b4c-4304-bc7d-5faf31730850,[],,,,,,,,,,
e0e6b4d1-fcc4-444f-a481-2a77f6b259a0,[],,,,,,,,,,
b43b9bc5-e92d-49d5-bc49-8b7870172cf4,[],,,,,,,,,,
e17d345e-c4e9-4aa6-8568-4e9a40f78f3b,[],,,,,,,,,,
e8f492aa-c723-4804-9e73-9e0f7e6d1012,[],,,,,,,,,,
8a2b024d-a066-4ec0-bc01-d2c9f46c78a1,[],,,,,,,,,,
90678aa2-6eef-474e-b1ff-e8398310236b,[],,,,,,,,,,
32b99a13-520c-4f32-854e-b413d90e701f,[],,,,,,,,,,
acdcf81a-311c-45a5-b09f-06a7d300828f,[],,,,,,,,,,
b3595af3-2fa3-4451-b488-6f635b721d77,[],,,,,,,,,,
159b1a0c-df5a-46dc-be73-dc295f42982a,[],,,,,,,,,,
16beae19-cdb1-4100-8979-d97228ccbd34,[],,,,,,,,,,
11dde777-d190-4081-b6b6-85dc52d2b825,[],,,,,,,,,,
cff16d61-7f52-4c01-b1cd-89911915cb74,[],,,,,,,,,,
13a94907-6b47-4f89-82ea-dd3e7415bfeb,[],,,,,,,,,,
dd292a02-a84f-4dc3-97f6-cec0639a9268,[],,,,,,,,,,
e01feeb9-8139-492d-86f0-2cf7d8583e09,[],,,,,,,,,,
49bcedb5-847a-4b71-9293-093453c78c09,[],,,,,,,,,,
65d15680-2c17-497d-ab6f-0aedd3b7a4a0,[],,,,,,,,,,
233e63e1-f611-4d1c-9013-fe31215ba7d8,[],,,,,,,,,,
0e211284-c303-42f1-845b-ccb1c14015f4,[],,,,,,,,,,
12d5bde9-60ac-4ac4-aeaa-19a8ddc6904c,[],,,,,,,,,,
f5c621b4-7dac-4ea4-b0e4-74a3b6f19e44,[],,,,,,,,,,
b6b59973-09f7-4af6-b790-e0279d67ef7f,[],,,,,,,,,,
2da21e41-d1a4-4e06-954c-1d5fd69546f2,[],,,,,,,,,,
65caefc4-cbea-45a1-8ed1-c1e297c8d8d5,[],,,,,,,,,,
c8639b78-8308-4a24-a576-47bfca9a4500,[],,,,,,,,,,
e3f045a9-cca3-498d-8951-a46559f35ef4,[],,,,,,,,,,
b33c9164-63e6-4a86-9bc7-88110ba3f9e4,[],,,,,,,,,,
e931fe74-1939-4249-859e-654c1500b263,[],,,,,,,,,,
60a107ea-12df-4a86-b4d0-c2423cb5d36f,[],,,,,,,,,,
8ab23b9b-01d8-48c2-a9b0-1ef9e7c6b12a,[],,,,,,,,,,
1afa4508-54d7-48a1-9380-6cb19d51f0d2,[],,,,,,,,,,
5f4e889d-b0a1-48e8-a483-003266c1da15,[],,,,,,,,,,
2fd1f4bc-9c7a-471f-8f7b-31f47924ae7f,[],,,,,,,,,,
27d81b51-825d-49a0-a1de-d5087e221f4e,[],,,,,,,,,,
37fa81e5-97d1-4c1d-8b7e-2941dd5ebf5d,[],,,,,,,,,,
292c0042-0172-4852-bd73-689fe54a85a1,[],,,,,,,,,,
1e60d391-fbfd-4985-a25c-ea47d9f14ca6,[],,,,,,,,,,
6d4dc16b-c0cd-4b56-8ae7-c984315d75d8,[],,,,,,,,,,
59721166-5324-46cd-8d37-93486631cf8c,[],,,,,,,,,,
53f1d1fe-c9e8-4a1d-98c8-b6a006909249,[],,,,,,,,,,
9cd57135-d2bb-432f-8d3b-03a96ceb893a,[],,,,,,,,,,
72b3c639-c481-4f8c-ab40-9b087f00d7a7,[],,,,,,,,,,
f5023c3a-2ca9-431d-9d55-f51a578a82cb,[],,,,,,,,,,
1f7b8a90-a013-4fac-8e6d-124e2f23999e,[],,,,,,,,,,
13b9c9c7-908f-43ae-8c80-33da1abe125b,[],,,,,,,,,,
380f342b-c95b-465b-b9cc-a9cc4444300d,[],,,,,,,,,,
dbb43abf-1db9-4a37-82f5-de708d01761c,[],,,,,,,,,,
a846e354-3565-4e20-a78c-a80d5aeb36c4,[],,,,,,,,,,
aa8b1c33-4c60-44a6-b284-3d5f9ff282dd,[],,,,,,,,,,
9b88ae05-0fbc-4067-b661-d362e4c92843,[],,,,,,,,,,
03e0a917-bd1e-4cf8-9c8b-1d16a5c0ecbc,[],,,,,,,,,,
936ad335-1171-42d8-b7a2-a7437b651bc6,[],,,,,,,,,,
b847a2b3-f4f5-4c89-82f4-88b8519104f0,[],,,,,,,,,,
6a92bea3-2e6d-461f-8120-b0c54cb59e44,[],,,,,,,,,,
de4dee45-2d97-44a1-8a0c-e3065fc663f2,[],,,,,,,,,,
52000692-0f2c-4b0e-95b2-2aaab2fe7af7,[],,,,,,,,,,
e25347d6-6e9b-4ab7-897b-1b9be279438f,[],,,,,,,,,,
6c8b3537-cfca-4536-8c88-99136193c2d0,[],,,,,,,,,,
7b3350e4-0b75-4b10-8743-1c25baeef122,[],,,,,,,,,,
dcd23614-e7e2-442b-813c-bedfbfdc5164,[],,,,,,,,,,
765e4cae-b939-48c4-b572-b312bcfa9f30,[],,,,,,,,,,
1e56f977-76a0-42a8-9128-3297a9fbb5e5,[],,,,,,,,,,
2671760b-f573-446e-ba9b-9fe7e09ec03c,[],,,,,,,,,,
252718d8-b80f-490f-b66f-af99080199ca,[],,,,,,,,,,
b9918e89-e5da-4d1d-9976-311e073eabb4,[],,,,,,,,,,
49816128-ab90-42ac-a524-270e97a0955c,[],,,,,,,,,,
45288d6c-4ae7-46fb-b03e-00e34b1d9af7,[],,,,,,,,,,
2021e015-67af-4485-aa57-1d113d1697b8,[],,,,,,,,,,
08cc4afe-54bc-4490-a045-cf0463bd9841,[],,,,,,,,,,
21863c24-6ad0-47d8-ada8-8680132a7ed3,[],,,,,,,,,,
aba7422f-bf5a-43d6-a5ce-ea86ecaac9d7,[],,,,,,,,,,
b1e311b8-6c13-449b-b466-d4620b1ce856,[],,,,,,,,,,
07b4620a-b9a5-4717-8225-dea9fc139c66,[],,,,,,,,,,
08fd4ea2-e09a-4e73-aaba-e365c6c11e5c,[],,,,,,,,,,
0fc1444c-ae26-4edb-9836-199611f9cc6b,[],,,,,,,,,,
0558e51f-575f-47a7-8cce-6432c0a54fd7,[],,,,,,,,,,
9e8a68a8-0b2f-4b76-bea5-70774e32793b,[],,,,,,,,,,
d857ef1d-14b2-4c07-8bf6-3675aaf14c78,[],,,,,,,,,,
337a2ee9-7704-4014-ad40-f2bb53ac16db,[],,,,,,,,,,
5136c170-022b-4859-a2b2-fe98ac330fb0,[],,,,,,,,,,
e5b2fc18-fa32-4252-9c0f-facd2d007c68,[],,,,,,,,,,
021e0946-1d1c-497b-a44d-0ebd8bc3ce07,[],,,,,,,,,,
54647147-8855-4980-b657-d0b9114b1c1c,[],,,,,,,,,,
4fe7ecf4-2bce-41f9-98a6-35108e9de437,[],,,,,,,,,,
e8ba1469-7ff9-47ab-b93d-e06c3fbea60e,[],,,,,,,,,,
201a4968-f276-4dc7-afab-3179edbf6c8b,[],,,,,,,,,,
83f60da8-4d24-4d12-9773-e078019e9064,[],,,,,,,,,,
1e3b7016-bc86-4266-98c6-a7d15cc0328f,[],,,,,,,,,,
be5e4c42-e3fb-4054-812c-a69c7323674c,[],,,,,,,,,,
b9938669-bb8b-4148-bff0-2e694764dda9,[],,,,,,,,,,
3b28b9ca-fd4f-440c-b1fc-3b4690936639,[],,,,,,,,,,
8420ec41-5e4f-4001-832e-afc397716d16,[],,,,,,,,,,
3a5a6f00-d566-4818-b3b0-d394850caba3,[],,,,,,,,,,
52758891-ebe4-450c-96e9-116a21d7132b,[],,,,,,,,,,
3ce4a246-b1be-4aef-816d-f433a9237591,[],,,,,,,,,,
07b10c09-8e19-45c4-9777-2599fd7f7bea,[],,,,,,,,,,
363073e2-62aa-45dd-be46-d2702cec292c,[],,,,,,,,,,
1555ce93-9388-4e64-be54-74da0f2e5bac,[],,,,,,,,,,
05d3abb8-a47b-408c-b943-c6af2ee22881,[],,,,,,,,,,
2badde9a-17b8-4f48-a029-2a7abdd4d1e9,[],,,,,,,,,,
b62897b0-17ea-48d3-a75b-9d917de78b96,[],,,,,,,,,,
b1bf9866-04da-483c-a9d1-c92472c4befa,[],,,,,,,,,,
a099b97f-0d95-46b4-9e49-dea3a1918d50,[],,,,,,,,,,
9cc1e35d-19dc-4366-b2a7-38c944fa035c,[],,,,,,,,,,
e9943290-d4e2-4e9b-b3be-5ca9e6e7faf5,[],,,,,,,,,,
4d90baf9-ac6d-4009-b787-6bf81d657a0e,[],,,,,,,,,,
46a3fd9f-6b5a-420f-bb1a-82ea56a28a0d,[],,,,,,,,,,
d86d1b4a-2564-45cf-a785-61ae55f6bf32,[],,,,,,,,,,
8ea598a7-60d7-46be-af4e-581418188e2b,[],,,,,,,,,,
1a408dd9-7fef-4b55-9ed8-32a5e9469a40,[],,,,,,,,,,
c729a1d4-f80a-41fa-a399-ab47fb671d64,[],,,,,,,,,,
aa9c66fe-8fa8-41de-83fb-34f10b587677,[],,,,,,,,,,
81093660-0c5a-4463-9888-61d50881adf9,[],,,,,,,,,,
aa3c178d-32bb-4169-8c48-59c2b1c0991f,[],,,,,,,,,,
a2665c6c-07f5-4b76-b7c9-4ab32a03e669,[],,,,,,,,,,
61dec614-1802-4c2c-ae85-8d64013b2390,[],,,,,,,,,,
17441603-a9dc-426f-825a-64ed30c0b05f,[],,,,,,,,,,
83cef138-4ca7-4de2-b0ea-92b4caf8736a,[],,,,,,,,,,
f786cb50-c1d9-4325-a027-2517222b5022,[],,,,,,,,,,
60035046-11fc-4dcf-9419-ac35f34470ff,[],,,,,,,,,,
ee577540-1049-4b62-8266-b4cd6a60e4f9,[],,,,,,,,,,
5b261f02-3c07-4d78-97f8-3146f17a9d28,[],,,,,,,,,,
8c3198ad-3ea6-4638-8cf6-97004a47e189,[],,,,,,,,,,
0c460556-a58e-4c6e-9b64-70cf38628ea5,[],,,,,,,,,,
5d6e9c12-9987-4da0-909a-f3254826ef12,[],,,,,,,,,,
45845db9-01b1-46cc-adf6-f050874a1e49,[],,,,,,,,,,
05983fc6-825b-47c0-91df-2692de371ab0,[],,,,,,,,,,
078cdb8c-eaa2-41fb-aad6-0431d093ccdb,[],,,,,,,,,,
8de95afe-9f63-4d66-8b9b-80c4707845fe,[],,,,,,,,,,
3daf11c5-356d-43b9-a636-a6aa37202263,[],,,,,,,,,,
4ab11b31-c363-48a0-a454-965f11610ac1,[],,,,,,,,,,
6d4ca3da-8305-4192-af1a-ab32c3ec06a1,[],,,,,,,,,,
fb29f4ab-2077-4c81-84bc-0ce7787b671c,[],,,,,,,,,,
2b429060-5c26-4b15-9110-ccceb4be0e87,[],,,,,,,,,,
892f1904-fd9a-4a6a-82b5-2906e8d21db8,[],,,,,,,,,,
a9cd3339-dab8-4799-8415-001bb68bac6c,[],,,,,,,,,,
8bb9ec09-4816-4db5-a467-9c6e8f5946da,[],,,,,,,,,,
dca32f02-7a2f-4a31-83ba-f6aedd647b5b,[],,,,,,,,,,
4afd66d7-e450-4607-b104-0f3549d17f07,[],,,,,,,,,,
eb2d3050-654e-49aa-a477-c116f58855b3,[],,,,,,,,,,
ab4bc27c-644f-420f-a6dc-a99ca2b68fca,[],,,,,,,,,,
7730e5f3-4963-43b8-903f-9c60b8fd1741,[],,,,,,,,,,
6f0b2a3b-787d-4c84-a155-107e8bad65c0,[],,,,,,,,,,
1c9be120-10b4-458f-b706-1fbc391e6b7d,[],,,,,,,,,,
7fd9b0cc-a702-46d1-9a9d-3574fbbdd536,[],,,,,,,,,,
1c3e96b2-e041-4f76-b78d-098b2bfdadce,[],,,,,,,,,,
c2ad0ebc-690e-4756-8e07-69cbd89bc12e,[],,,,,,,,,,
55b95a7c-2999-498d-b1e2-584d5e0bec8a,[],,,,,,,,,,
f73e89ef-8885-41f7-93ab-7b3567ce8098,[],,,,,,,,,,
ec22143c-1e73-49c0-bf03-e2348396eec5,[],,,,,,,,,,
0f6a8846-710b-4bff-9835-54bb8bdb48c2,[],,,,,,,,,,
8202715c-6a89-4deb-b3a3-182fc1a77b6f,[],,,,,,,,,,
715b62c6-1ce6-4ed8-ac23-d0d321a64eb2,[],,,,,,,,,,
8dd7cc6c-60ca-430a-b8fe-229dbae7c803,[],,,,,,,,,,
9ac9b139-bb72-4195-93da-2ecaf77e85ff,[],,,,,,,,,,
5596f82c-cb5c-499e-a22f-d5355c687cab,[],,,,,,,,,,
5034c0f9-dc91-4395-bb25-5e75b8d51e4b,[],,,,,,,,,,
20baa01e-cef2-45ee-9b51-84d3cf8d46b5,[],,,,,,,,,,
16da370e-2f5d-45d9-b92d-cd90b5ff1b85,[],,,,,,,,,,
48a46b8e-22f0-4863-8d53-79ebdc6507e8,[],,,,,,,,,,
53ac6b77-66ba-44db-a1a2-133d6b4e4693,[],,,,,,,,,,
d7de47f3-2554-4f53-aba1-fd9f90dfccb4,[],,,,,,,,,,
9f5f83f7-bdcc-4703-8f8c-f050ab8d33d4,[],,,,,,,,,,
41956395-4004-4d25-be37-bb9fefe2fe6f,[],,,,,,,,,,
7f41f833-bd36-4b0a-b311-7be519de33d9,[],,,,,,,,,,
ee4e11ee-ab21-4d18-ab74-6b9b842d1afc,[],,,,,,,,,,
f8394b96-084c-4fb0-974c-2ab992e39a7b,[],,,,,,,,,,
0d779ee7-293a-4f2f-be43-4fdccb1cdb84,[],,,,,,,,,,
4f69daf7-1558-4f1b-8f44-84af4a8a4082,[],,,,,,,,,,
52a0a80f-90f2-43dd-9b90-1e603f44b660,[],,,,,,,,,,
fcffa1a1-c8cd-49e4-978c-f6ca028e0dc9,[],,,,,,,,,,
1067cda1-3373-4a01-93bb-97572085182c,[],,,,,,,,,,
aefbc0fb-17b8-4c65-9909-4f4f684774d4,[],,,,,,,,,,
8cbfd055-cc55-407e-a7e0-a5cb32a21e5a,[],,,,,,,,,,
63ab3b4b-0976-4645-b8cd-db5cec076e4f,[],,,,,,,,,,
25b01b9a-2949-4cad-871e-7af123d13bb4,[],,,,,,,,,,
bbd0ec42-e260-4a6e-b73e-c6ef252a64a1,[],,,,,,,,,,
02350d0d-7128-4fe0-a857-8ff0a3efcfed,[],,,,,,,,,,
f34f1fe0-c269-4aea-a0eb-44cb0e50b7f1,[],,,,,,,,,,
b3a1f890-974d-4e99-b390-0a1d2216111f,[],,,,,,,,,,
45f92c86-587c-475d-9b7f-2cdab3ac2ff9,[],,,,,,,,,,
1c702fc7-3e8a-45e0-b329-151a45d103c7,[],,,,,,,,,,
d7452099-1c1a-48e4-9f5f-e04247e712b3,[],,,,,,,,,,
941f6cb9-6c65-4907-9ffe-4205de4c9054,[],,,,,,,,,,
edd2be37-db04-49cf-8df9-30e0cc18fdcd,[],,,,,,,,,,
39a5d210-ca83-4c63-904e-68f182d6f195,[],,,,,,,,,,
29e80f45-22f5-4b36-847c-5231016cd56d,[],,,,,,,,,,
19d1efaa-ad76-406a-b824-4817138e0585,[],,,,,,,,,,
bb76e216-88b3-4102-9f38-b3cec545c2d9,[],,,,,,,,,,
62db0f83-3e76-414f-b478-044f05a66190,[],,,,,,,,,,
3d8cd32e-5e5e-4507-bc3d-55b6f92a7b66,[],,,,,,,,,,
6eee39e9-2ab1-4a65-8aa8-c756ad3e34da,[],,,,,,,,,,
487a37f4-5e5c-48e5-8b15-8859c6e01cd3,[],,,,,,,,,,
23f2f9af-b227-4a79-bb83-11f228e3fe48,[],,,,,,,,,,
4e1ecfee-8562-4a6e-b1f5-7df7eed86273,[],,,,,,,,,,
3cc2b005-75c9-4ff3-b430-0a2eac164758,[],,,,,,,,,,
e408e39c-c03a-4c04-8361-ff8312afc4dc,[],,,,,,,,,,
d531597b-90d1-440d-8b12-e248a8a40877,[],,,,,,,,,,
a2a19e9c-ac24-4603-8b41-a8d32d79985d,[],,,,,,,,,,
4d9725fc-e016-4133-8cae-a6380e837c21,[],,,,,,,,,,
d77a1251-f71b-4b12-96b5-b15c4725f24f,[],,,,,,,,,,
05f56646-4307-45ac-80fa-07c5f99242c9,[],,,,,,,,,,
2fc38fa1-601c-40c4-9150-3ca2c40da154,[],,,,,,,,,,
e3aa5032-757f-4e2b-b322-4029964da0c5,[],,,,,,,,,,
32d0d67c-5619-4c49-8dc3-205ca45b9831,[],,,,,,,,,,
c6c4a7f7-23cc-4281-8f45-2b3aa8e1f34b,[],,,,,,,,,,
c6ab4986-3638-4bd0-bd2f-99eda6c33e7f,[],,,,,,,,,,
9689d5ed-f60f-4a11-bf1e-f3d9e5ad2090,[],,,,,,,,,,
eff48c76-331d-4c79-a06b-1f0376df95cf,[],,,,,,,,,,
59a9a6c1-18d4-4725-bdd5-7481ba94cac2,[],,,,,,,,,,
1b23187d-919d-4699-8b91-882dcaa7721c,[],,,,,,,,,,
e225ef39-9a61-44fc-8a47-7bfb0a29a7be,[],,,,,,,,,,
2be4bca5-0262-4195-b701-8d962b8a2b72,[],,,,,,,,,,
803209cb-e43b-4277-9601-bd27d30d5268,[],,,,,,,,,,
823b50ba-8444-4a41-95fa-242221c8418e,[],,,,,,,,,,
a8442056-e371-45ec-8063-d39922469a3f,[],,,,,,,,,,
5fb5938b-a204-48c6-8b1e-4b3c782fb197,[],,,,,,,,,,
f121fa88-172a-44c2-8cb4-7c065883310c,[],,,,,,,,,,
a5e1b60e-f556-45f8-8f0e-d2c7ae6252ab,[],,,,,,,,,,
79a614f6-4cbf-46bd-a66c-e96831853b9f,[],,,,,,,,,,
0737e715-fb2d-406f-8f7e-cd28d1980a0e,[],,,,,,,,,,
f7ca10f2-8d95-40e5-abb8-b92cb3c55d75,[],,,,,,,,,,
e6ff9dfc-6cd9-4542-8c46-d61245aec7af,[],,,,,,,,,,
2a58a60d-8128-42e3-af0e-7728682b5c41,[],,,,,,,,,,
0d1d78fd-d23d-4738-89e4-30cbb0ac04bd,[],,,,,,,,,,
c6514fe3-9357-4a25-ac45-ff6637b7447e,[],,,,,,,,,,
fd6c20ea-4d8a-4952-98fe-621b0aa8b26d,[],,,,,,,,,,
2a6270fa-44b8-4e0d-9171-0eac0054dfba,[],,,,,,,,,,
51e94b24-dae8-48c4-8c00-23e326b06aa9,[],,,,,,,,,,
2ce18122-d753-4d9c-b0f4-b03a02ee0e59,[],,,,,,,,,,
b5c135c2-c75d-4213-904c-cddfff143767,[],,,,,,,,,,
f340f391-1316-4039-8fb9-25be7c076496,[],,,,,,,,,,
9be70b48-35f5-4088-b3a5-f299ed878a86,[],,,,,,,,,,
4be9909a-fa9e-4b15-b106-d649078751c0,[],,,,,,,,,,
8c0c410a-9c49-494a-be92-fc4f0f6da746,[],,,,,,,,,,
58d339e7-45b0-4d74-b7ee-878c13ed5aed,[],,,,,,,,,,
c0d90076-a001-47b0-b4db-2ebf508e82f0,[],,,,,,,,,,
6ca0ff6e-958c-421d-bbb9-81aafe549496,[],,,,,,,,,,
37be2c46-a92b-491e-8564-37a01c1ed41f,[],,,,,,,,,,
5b3a3669-bbca-4e4b-89e7-e5dbc4f51d42,[],,,,,,,,,,
8698e967-7566-4926-9bc8-d0c47cf97d7b,[],,,,,,,,,,
719d4f47-4840-468d-9294-b77dc9cda284,[],,,,,,,,,,
01644450-010e-4419-8a2f-957c1a42a237,[],,,,,,,,,,
37a13394-ea83-4695-83d2-f0de0697ed94,[],,,,,,,,,,
32406a7e-db67-4c56-a243-1176396e816b,[],,,,,,,,,,
a3beef9e-fa62-4295-bdd0-ea6f08939d2b,[],,,,,,,,,,
3c05d390-32f7-42ef-98c5-cdfde7f27876,[],,,,,,,,,,
2d0b19cd-5757-4a36-b689-dc4676ae44c2,[],,,,,,,,,,
aefcc330-1e6a-42a9-b6bf-b7d66b52ed3b,[],,,,,,,,,,
cb4db629-68a5-4ab1-baa0-7f626cdaf2fe,[],,,,,,,,,,
a81776bb-f9ba-45b6-81d9-a16e4136d39e,[],,,,,,,,,,
20057080-f011-4770-bf44-4cd7c857f0a6,[],,,,,,,,,,
c27aa891-03cf-48e1-8e8d-ee88f9ba4a6e,[],,,,,,,,,,
5c2b1b41-5e20-4a24-a119-20df519a7035,[],,,,,,,,,,
3d0ed4c0-212a-45dc-b7ad-72216f96e466,[],,,,,,,,,,
565a09c8-b7e3-4078-9c23-4f7e60a6dbb5,[],,,,,,,,,,
32a886b6-6d85-461d-9671-4508f9b027e7,[],,,,,,,,,,
bdb7f5c3-9b4d-4afa-b228-789623f12ad6,[],,,,,,,,,,
782e9650-5b07-4869-89b6-180d4faa9857,[],,,,,,,,,,
76525a10-f8b7-4677-9a82-f5a42fd5cc57,[],,,,,,,,,,
35b0671a-eaa3-4dbc-a730-4b3e5d41e992,[],,,,,,,,,,
c7a5ca97-c940-4901-bb95-94b5bbd536b0,[],,,,,,,,,,
bc71130d-d19e-4184-8af5-a2b279e03dc6,[],,,,,,,,,,
f6c78262-87d7-4725-bc7d-0f3bf3fef051,[],,,,,,,,,,
6ea8f454-fa57-4486-8e3e-6ed83801dc69,[],,,,,,,,,,
17637e09-c86d-4ad0-8645-b6b791b79e42,[],,,,,,,,,,
d8bce836-9441-455d-b5cf-7fb95553ab71,[],,,,,,,,,,
97e51920-c911-4ce7-aee8-9e512cf0a3ba,[],,,,,,,,,,
b531a5f0-eb84-4818-b442-e567d761479e,[],,,,,,,,,,
d9623de2-00b2-4076-8442-96a04bd19e5b,[],,,,,,,,,,
981822dd-3084-475e-aaa1-6152250ee8fd,[],,,,,,,,,,
b6f5885d-8a19-48bd-968a-54813252097b,[],,,,,,,,,,
5ebc1659-8020-43e5-adb5-b6e8a8daa045,[],,,,,,,,,,
5b7d9d97-89c1-42d9-a159-a3aaf3d9434f,[],,,,,,,,,,
9b200a11-acdd-4bfe-9a4e-c820c1f0a96e,[],,,,,,,,,,
b713fb1b-4d74-411f-862f-0d5dab6a3911,[],,,,,,,,,,
97c1673d-03b7-4081-a11b-bfb69a71e4a6,[],,,,,,,,,,
8ac8c8c4-956f-4f01-8725-6f0a04611064,[],,,,,,,,,,
8c0e6ab9-d761-4b62-9f0c-1a19cc3c1363,[],,,,,,,,,,
3c85b413-6341-420a-8b36-276b060fc73f,[],,,,,,,,,,
f04e6d0a-bf4b-477d-8fed-14bd9bbc4e7a,[],,,,,,,,,,
e15e67a3-e8e7-41e3-b033-ecb5ca336249,[],,,,,,,,,,
294abdc8-7304-4a96-8d55-12881bb4c067,[],,,,,,,,,,
2e377e4f-7a8f-43b7-911c-5e6b034df059,[],,,,,,,,,,
39f84be9-285f-4265-8ba5-c3647b59da8d,[],,,,,,,,,,
a9ba6447-a187-43a4-8099-f9a09c0d5f4d,[],,,,,,,,,,
bb7e52e5-0e3b-422b-8748-c8f34b389a99,[],,,,,,,,,,
b2e3cb37-aaf2-43bf-9665-77c7b8354382,[],,,,,,,,,,
b39ae925-3359-4c2e-bd09-6a2cc8bf3829,[],,,,,,,,,,
0243ad30-68e9-4677-a349-6b1cf65afda4,[],,,,,,,,,,
08dc3d63-1668-4b52-a024-70f475cb42db,[],,,,,,,,,,
ef0e88c7-1da7-466b-b02c-9e2393ad5aa8,[],,,,,,,,,,
aba5aca0-2925-459c-8ddf-f19cf8aeaa5b,[],,,,,,,,,,
cabe4463-6c9b-4dfd-ad14-d7f09bdc66c5,[],,,,,,,,,,
436629d4-5fe3-49df-9419-5f7d053b4c67,[],,,,,,,,,,
a7624dad-b3a8-44b3-ba51-1895a0b69f1d,[],,,,,,,,,,
b30aa396-b75d-4c9e-a619-0de24e361ed7,[],,,,,,,,,,
a16acc45-2013-4023-be61-39eb7d83320d,[],,,,,,,,,,
3f817c4f-6b2f-45c8-bc39-18915410d688,[],,,,,,,,,,
4b1a5ec5-a021-423a-9edf-297660e78d1e,[],,,,,,,,,,
dffc32e9-6eb1-42d0-bfff-b15d5f885bbc,[],,,,,,,,,,
ec418e16-d453-4cde-bf19-e8fd66f4168f,[],,,,,,,,,,
3beb49be-8020-4527-a60a-146c61ed8f5b,[],,,,,,,,,,
c2687e72-585a-4119-92db-d22fedc77d2b,[],,,,,,,,,,
d3b5bdb3-0095-4b20-b0e1-9533734a8f4e,[],,,,,,,,,,
b6bc815d-8422-403c-8acf-d5c21b621771,[],,,,,,,,,,
814edb94-1a82-464a-a45f-d03da5bfdaa6,[],,,,,,,,,,
b1f5b836-7a14-49bf-8c44-03478bf5bd1d,[],,,,,,,,,,
6a7a01ca-d4cc-4725-9298-1bf5e1a54be8,[],,,,,,,,,,
2695dad9-1a47-41f7-92b7-e1092e3a25af,[],,,,,,,,,,
ff8b4f13-d1cb-45f4-9ac5-d9b1cb9f5431,[],,,,,,,,,,
9c3a69a2-f571-4cc3-bdc1-86ca06bd00bd,[],,,,,,,,,,
f007ffca-d50f-4941-8d3d-c40c64dfd83c,[],,,,,,,,,,
fbb6d2fa-2734-4b13-bca8-7f95d0400c04,[],,,,,,,,,,
140d7536-165b-4980-b20b-dac86e7e3216,[],,,,,,,,,,
23e72f50-5ffa-4141-8c2f-222ddb47db65,[],,,,,,,,,,
c9280f26-ab60-4dff-b0e0-a05e6676d719,[],,,,,,,,,,
609a6f1e-dc3e-4e4e-b337-4d3ca4810c0c,[],,,,,,,,,,
e49d892a-2094-48b0-9bbf-140ec811f561,[],,,,,,,,,,
b0288aeb-60a6-4763-b1bf-f79a8e8fbeaf,[],,,,,,,,,,
681dd9be-6929-44be-9150-d8e68a16f4d4,[],,,,,,,,,,
c21379ba-255f-43f1-9c46-9de8807d9fbb,[],,,,,,,,,,
3d955683-5243-4d06-9de6-ea4c3d667e64,[],,,,,,,,,,
4a0ac6f9-73c5-4ead-9e5e-10dc28750a2e,[],,,,,,,,,,
86ca562e-bf38-46e6-8c63-6b84f652a7d0,[],,,,,,,,,,
36c27c2c-40be-46ba-9554-e1f6990b994b,[],,,,,,,,,,
ce51139b-a16b-4f6e-952c-254b606b7855,[],,,,,,,,,,
68fd14de-e8c6-44f5-bb1b-c4b99c69db17,[],,,,,,,,,,
1e0882be-6d7c-4fed-8b87-14158f0e2e63,[],,,,,,,,,,
070c9f8c-3688-4f5a-83f1-634613c70764,[],,,,,,,,,,
d0271648-db36-4bd2-aa9a-f6068dc883f2,[],,,,,,,,,,
ccc286ee-f25a-40c5-bee6-06a0a88036ef,[],,,,,,,,,,
6971ab51-d77f-4e81-a7a0-506ff6f6b2ae,[],,,,,,,,,,
045009bf-c8ae-409a-9504-18e0c0166478,[],,,,,,,,,,
c7d57e69-4405-418f-9553-69ad21ac5044,[],,,,,,,,,,
fb790183-f81c-4a23-a22f-5968d8357cb8,[],,,,,,,,,,
31e0cac7-ff9a-4822-b88e-731e7fe581bf,[],,,,,,,,,,
4ddad9d3-fe64-4fc5-a29e-687f731ae958,[],,,,,,,,,,
4cf86b0d-6911-48a6-ac69-57e9daf6b172,[],,,,,,,,,,
079b1274-c250-452a-9f0a-446c3d918d6c,[],,,,,,,,,,
c39fa0dc-430c-4a7f-a9c3-353d31f2ec68,[],,,,,,,,,,
39fd0b77-1749-4930-9eb2-76feb41ace09,[],,,,,,,,,,
41a1aed9-60d7-4e07-b273-11fa398d4164,[],,,,,,,,,,
4756d4ae-89ed-4672-9654-845d31ac459d,[],,,,,,,,,,
ae3dc377-3a25-4e35-8b46-d13dbaddc73b,[],,,,,,,,,,
07a27fe1-a9cf-4dfe-a176-59834e32e701,[],,,,,,,,,,
7f36cce8-96c3-47df-9209-877951acb8fb,[],,,,,,,,,,
a06c9f24-e17f-4d87-971b-30ad2c458483,[],,,,,,,,,,
28fd7c2e-60c6-4141-85a3-30f7bd9b81e9,[],,,,,,,,,,
636631ee-4924-4d6f-bd6a-1568e06c8429,[],,,,,,,,,,
523da404-a0cc-4eb2-bac9-c43db9b28b31,[],,,,,,,,,,
40270459-93ef-49ef-8a97-2a138d7ef7dd,[],,,,,,,,,,
987785fa-76cc-4083-90db-21ee45cffdee,[],,,,,,,,,,
072463c7-ecfa-4620-9d39-9fa3a7551891,[],,,,,,,,,,
af127f86-a8e6-45af-97e9-ce79885fcdf7,[],,,,,,,,,,
57a73b80-66fc-4d50-a483-656c9b9d4aa8,[],,,,,,,,,,
63233f6b-e0a7-4692-b039-18d11ef6c817,[],,,,,,,,,,
0187e51b-6639-4835-b923-781bff23fe4e,[],,,,,,,,,,
3463077e-5111-48a3-be2e-0bc9deca43a3,[],,,,,,,,,,
821d188d-005b-40f5-999d-7be523b2ef49,[],,,,,,,,,,
93bea14e-951e-4c8d-bbe3-6541263676d4,[],,,,,,,,,,
0f2f944d-34e4-498f-9a3e-93b5d0001784,[],,,,,,,,,,
fa0d5162-1ca4-48f2-bfe9-1d9592451ee4,[],,,,,,,,,,
a71f37d3-19f4-491e-aeb0-6caca1f258d3,[],,,,,,,,,,
9898c804-9438-48cb-848e-750c4a36acaa,[],,,,,,,,,,
967c6b21-de41-43d3-9e7c-7c58abb2149a,[],,,,,,,,,,
6d43a5cf-a09f-4b83-8f16-ea3f9c1ea482,[],,,,,,,,,,
34ab1af8-6a53-4f0d-8c33-c593cce0c9b1,[],,,,,,,,,,
e75876ad-d6ee-41c2-94db-9ddcef667d92,[],,,,,,,,,,
d1fad11d-94dd-4ab8-bae9-9b7f097921f6,[],,,,,,,,,,
ae85957f-f037-46d0-ae97-e2088928623a,[],,,,,,,,,,
f5f2ea41-b2a8-4497-aa00-25b86b944952,[],,,,,,,,,,
8f9891bd-5fb4-4cc1-8f52-5de8bdcce2fc,[],,,,,,,,,,
27c63272-d010-4961-b960-5babbbce7d7b,[],,,,,,,,,,
f89ebf9e-13eb-474f-a4c9-0a36a4186a57,[],,,,,,,,,,
b786b79c-c026-4547-85d3-41c44b5f173c,[],,,,,,,,,,
2c3713e4-ae57-45b2-a5fe-26fb2335df05,[],,,,,,,,,,
00037320-88e2-42c0-b559-1c9b93282e30,[],,,,,,,,,,
066c1b9b-4049-4611-8763-955b326c282d,[],,,,,,,,,,
de0c2108-a70f-4289-91e6-1a720e6326a8,[],,,,,,,,,,
f23e3aec-1f2d-49fc-a392-2939ded2028d,[],,,,,,,,,,
66be0cdc-6caf-4273-a2a4-1c88bdf2c80b,[],,,,,,,,,,
aecdcc6c-ac07-4a7d-9fbe-067c1ac24b68,[],,,,,,,,,,
f1ed930a-8ff4-48b1-9eb0-6e954c1aea49,[],,,,,,,,,,
8549281b-8450-4f9b-8ac1-a8f7ea4c1b92,[],,,,,,,,,,
9b947e03-746d-4db1-b84b-2c223e984687,[],,,,,,,,,,
9c8df7e5-5710-4f00-b62e-34f28ce979e1,[],,,,,,,,,,
369063e4-7dca-448c-b668-af94a03bc8f7,[],,,,,,,,,,
4c829b54-4f72-4724-994c-728b886a8c3e,[],,,,,,,,,,
67a5bfa9-0801-4e23-97bb-040a92c67fa7,[],,,,,,,,,,
64be5064-d595-4308-9e5c-023f7ebc1457,[],,,,,,,,,,
a08cc052-96d3-4c87-b7d5-ffcc4b749366,[],,,,,,,,,,
7f9ea88f-fbc1-4a92-9c8b-f7433747ee80,[],,,,,,,,,,
0b08da08-c782-4685-8896-ff6c5e9c68e9,[],,,,,,,,,,
8f19563c-c06a-4b51-a0ac-61b240ccf87d,[],,,,,,,,,,
005c6ae2-b28c-46fe-86cf-ca403b08ebcf,[],,,,,,,,,,
107e2fd4-8540-47a2-82c8-2db836e1967f,[],,,,,,,,,,
43f08769-2529-4d8a-81c3-ccbc13947dd6,[],,,,,,,,,,
f83e1ba0-f291-4a19-b5e6-d1c91b6e1a7c,[],,,,,,,,,,
6b2444c8-e2b2-4ce6-8e88-b1351d0fd4a7,[],,,,,,,,,,
7f301100-5dd4-4a99-9689-5a10f731b95e,[],,,,,,,,,,
31a51551-4e5b-4449-8efe-dca484a5de13,[],,,,,,,,,,
e6ece0c7-dc8e-4a4a-8d73-d9d88084895e,[],,,,,,,,,,
28461701-f85e-42e3-86be-f9498cae818c,[],,,,,,,,,,
c0fbb5c8-0605-44cd-a32c-f016030c0cca,[],,,,,,,,,,
f65da419-e000-4cd7-86fd-1c8eafe76686,[],,,,,,,,,,
f594cee1-287d-4078-b132-083f680663f5,[],,,,,,,,,,
67f09d89-2182-43b3-a40d-754c88f978cb,[],,,,,,,,,,
22b3bf1c-a309-4a92-91c0-9bc6694e7edd,[],,,,,,,,,,
24a8e17c-a143-46f5-9df9-03491c6422d5,[],,,,,,,,,,
8a2cddab-ebd4-437f-8b7b-4e05f4e8c095,[],,,,,,,,,,
e770dec3-8659-489c-a878-c54f9a71f738,[],,,,,,,,,,
a8b7701f-2a96-420b-8ae3-e122463fbcaf,[],,,,,,,,,,
c018c2de-17dc-4f3e-9e67-d1a97ab841b2,[],,,,,,,,,,
86e37e03-62b0-4731-b162-bbae4eec5085,[],,,,,,,,,,
79c53c43-5f06-4b45-94a6-ac961133e2f6,[],,,,,,,,,,
9b4620ca-f91d-4781-a683-625b90e8f62f,[],,,,,,,,,,
4e6c8e4b-ac43-47c4-80d2-7404bd833e87,[],,,,,,,,,,
bce99f7b-9c42-449a-b993-4ff12f24424d,[],,,,,,,,,,
8a6d1f01-e39a-492e-9b81-3a1ec04dd64e,[],,,,,,,,,,
d7031773-ef26-4043-83ec-ac3d77f3634c,[],,,,,,,,,,
22290251-b29e-42df-a8ff-43d623a511ac,[],,,,,,,,,,
3d34d178-4521-4f6e-b73e-8aa317c2ae57,[],,,,,,,,,,
fe5ce70a-6ae3-4858-a38c-adad87c9ff0b,[],,,,,,,,,,
e9c56669-1611-44d3-ba14-989fb5b98906,[],,,,,,,,,,
55548854-b56d-498b-a6bf-58f43b8d5597,[],,,,,,,,,,
0210f85d-ad99-480c-b932-c158bc295fba,[],,,,,,,,,,
8cd1b384-7227-4d1e-aad7-8b9ed71641ad,[],,,,,,,,,,
a97e4380-0048-4af1-9825-84d7c6a3ab22,[],,,,,,,,,,
93377f19-21e1-48c6-a05a-5441d18afa1e,[],,,,,,,,,,
2bfb8772-e368-4a39-ae4f-dfce5f3b7633,[],,,,,,,,,,
7dfa1318-3989-4034-a6c0-ad239248107a,[],,,,,,,,,,
ffeef500-0dee-4b52-b2e7-42221177f863,[],,,,,,,,,,
67a4d2e2-b27e-4021-80da-8faa8678bc37,[],,,,,,,,,,
4556cc6d-14a4-4bd7-86c9-330a6312f990,[],,,,,,,,,,
752723f7-a119-4773-81d9-4ee95edea983,[],,,,,,,,,,
91fbaf61-df73-4d68-bf09-f6809c2056d9,[],,,,,,,,,,
765370d3-b9df-40c1-ab9d-5889c105eb38,[],,,,,,,,,,
c97976c7-a99e-4767-8c09-98e990150f85,[],,,,,,,,,,
cf0a5b55-443e-4ebb-897a-10a1b7bc6987,[],,,,,,,,,,
70adbac3-5e5e-4752-bccf-9dc20070b7f7,[],,,,,,,,,,
f7f7ddfe-16bb-4685-bb79-4b76b4fbebea,[],,,,,,,,,,
fd35a3bc-de9f-4696-9325-374e221f30d6,[],,,,,,,,,,
bc69936b-a13d-4169-8529-f0dab8c28caf,[],,,,,,,,,,
972ee3f5-cd58-467c-b737-30a519f0b3b6,[],,,,,,,,,,
a037d85a-6941-464e-9705-6ff53f79e46c,[],,,,,,,,,,
3f67a724-0969-44c9-9723-ff8feaa517d2,[],,,,,,,,,,
22647daa-fc08-4db3-ae0d-74e03bd60edb,[],,,,,,,,,,
c9bd6160-fa5c-4bb2-abe5-53510775d757,[],,,,,,,,,,
b6770598-29cb-4da4-b878-dcfed726d105,[],,,,,,,,,,
7494b35f-836d-4680-8013-9bf1c171f850,[],,,,,,,,,,
94fd03c2-7eed-40de-b361-60cc87c52236,[],,,,,,,,,,
52333605-898e-43c6-81b9-aa4eaa4c1548,[],,,,,,,,,,
fa3325ac-aeb7-4ae1-9839-6fd25f4b83c2,[],,,,,,,,,,
ace011f0-2277-4d89-a3ce-da15437e4c51,[],,,,,,,,,,
5e5f1178-958e-495c-94e2-e8bff4a4e94d,[],,,,,,,,,,
4e067b30-899c-43b6-81ad-c41cf9b298b0,[],,,,,,,,,,
e4c941f6-c3c2-41e6-88d4-16d667c04762,[],,,,,,,,,,
86ccb4d2-fd25-4e55-8062-8e9e26bcb575,[],,,,,,,,,,
8124b904-ffc8-45d8-9562-9582cbe808b9,[],,,,,,,,,,
a34276fa-704d-44c4-aa49-e60dc7baa555,[],,,,,,,,,,
f198cbb8-60ba-4939-a730-714fb6471bda,[],,,,,,,,,,
8105a936-b462-4cd2-bfb0-17a016d86b95,[],,,,,,,,,,
f78ec025-538f-4d66-903e-9e6e602afa41,[],,,,,,,,,,
10e564de-4031-491a-92a8-8844e07b5567,[],,,,,,,,,,
6c14f518-12cb-4b7b-874b-4050cfbd8f4f,[],,,,,,,,,,
c8ddb610-907d-4195-add4-b50fc55db7b6,[],,,,,,,,,,
3e03efcf-4c07-4626-83dd-55188600480d,[],,,,,,,,,,
dd04a9a3-f260-4d8f-81e1-7892620abd75,[],,,,,,,,,,
24312dae-8dc3-42d1-8960-8ed5887dbfb8,[],,,,,,,,,,
ed306405-8066-426d-808f-7b2312f92d44,[],,,,,,,,,,
50494e2b-0ad2-4c74-8af6-4fa511c4833b,[],,,,,,,,,,
a3a2a721-b1dc-4f48-98ff-df7be7f2a760,[],,,,,,,,,,
218d0467-e7b4-4951-b131-cffba91ec55a,[],,,,,,,,,,
ad233ce9-aa15-44b4-b343-63884f6f834d,[],,,,,,,,,,
09c502df-8b3f-4a24-8d4e-93df4300c800,[],,,,,,,,,,
667c1e3e-ae7d-4e74-a3a9-6dc08a2c780b,[],,,,,,,,,,
dd4393b0-9d1f-43d0-b166-ca54303f227b,[],,,,,,,,,,
be9d16ce-a2db-47c4-8851-178b7748b8c9,[],,,,,,,,,,
9ce6508c-bf4c-4fa4-8de1-02c6509d9b41,[],,,,,,,,,,
3c011b1d-87c8-4454-824e-8434b4e242e4,[],,,,,,,,,,
6fbe711b-4d03-41ff-a75f-9285f9a9c67e,[],,,,,,,,,,
ec0a715e-5e89-4ea7-a6b7-6c0005e2e4a8,[],,,,,,,,,,
7e1b6c4c-f965-4495-a456-9fa5ad3a8a60,[],,,,,,,,,,
06b91ba9-be39-4403-b1e4-c90b362e7baa,[],,,,,,,,,,
ae2aaec3-1b53-4889-ba4d-28e712d1a564,[],,,,,,,,,,
1d7b1cca-35bc-4f7c-8a14-7cc33e81f06d,[],,,,,,,,,,
fa32522f-06e9-4478-98e5-fcb7f6ad7561,[],,,,,,,,,,
5596aff7-c6a7-4c9b-b0c5-ee7c25637164,[],,,,,,,,,,
d0fd54d5-ceb0-4822-9a2c-542709c3dfdb,[],,,,,,,,,,
f9c05988-873b-41c6-82ab-7f2e19e85f12,[],,,,,,,,,,
320615cd-682b-4e31-986d-b355e00badfc,[],,,,,,,,,,
3ad36ed6-8de6-457f-8aaf-f0826970e6b2,[],,,,,,,,,,
ff6cb7ad-1c9a-4480-9fe2-bb75482e5b44,[],,,,,,,,,,
0b409342-2f3b-46c1-9870-5487c210b071,[],,,,,,,,,,
34c7280c-af49-434e-a310-b4316773ac6a,[],,,,,,,,,,
474b38e7-f351-4550-84a8-f4cdefd5a3e9,[],,,,,,,,,,
d7affd2b-7edb-4880-9fe9-73048916dd77,[],,,,,,,,,,
c66b380e-f199-443f-9556-437ae97dc7c4,[],,,,,,,,,,
c2471fae-86a7-4d21-a65b-bddc3d1ae2f5,[],,,,,,,,,,
a5db1593-62ff-494b-94ee-663e7666012b,[],,,,,,,,,,
f9aab7a1-66b7-45a6-ad07-35f1214584be,[],,,,,,,,,,
f3184164-0d1c-446b-ada8-a9efe797334f,[],,,,,,,,,,
1a5c7feb-1652-442f-b266-2591e241a0eb,[],,,,,,,,,,
ac910df7-18bc-48bf-b8ef-aa1bccee45c6,[],,,,,,,,,,
21408d41-b212-4310-966d-0e21a54e29b8,[],,,,,,,,,,
79c1ea46-05dc-4110-9560-d0481a44d8cd,[],,,,,,,,,,
308cad61-7b18-456f-a6c3-aa1994d6e316,[],,,,,,,,,,
970b45cb-5ba3-4d99-a84c-243f3593f8b6,[],,,,,,,,,,
724bc20b-2a20-4993-9ecf-19dd5ba2d9a9,[],,,,,,,,,,
9d822e98-09db-4725-866c-b9f63ae55f4b,[],,,,,,,,,,
67335a52-5a46-4716-817d-ff905f26edaf,[],,,,,,,,,,
0efb56d8-cee1-4ead-94cd-63e0d6ee6604,[],,,,,,,,,,
a0733ca5-49a2-4de3-bcb4-f423b1636053,[],,,,,,,,,,
aa088c32-d9e8-4f33-802d-3c831b841fe2,[],,,,,,,,,,
3863407f-4fa6-4147-bf04-30ece6f288c1,[],,,,,,,,,,
15fd631c-0543-4814-ac8d-c63addd6ac75,[],,,,,,,,,,
57f69d97-33f4-4391-b927-1eb681eb6b0c,[],,,,,,,,,,
bff01eec-ced7-4b7e-97fe-af74149faf7b,[],,,,,,,,,,
a79ec427-790a-4cbb-b5e1-c75e0bb1a6ff,[],,,,,,,,,,
553e2cba-d489-420b-955b-9289cdf4964e,[],,,,,,,,,,
17fe8a48-39d7-47fb-b3d8-6f57fb90b141,[],,,,,,,,,,
5795d295-ab38-4db6-9218-a1d01b389c90,[],,,,,,,,,,
8aea26f4-9557-47ae-8046-a838c243e582,[],,,,,,,,,,
2c81b4b9-930a-41ed-89a6-5a5dbd165cd8,[],,,,,,,,,,
5648aeb1-5d0b-4786-ae1b-9f18a22782b3,[],,,,,,,,,,
9bebff91-525f-482d-bb51-17606b543737,[],,,,,,,,,,
7dea7082-097c-4864-81f8-04676f659cce,[],,,,,,,,,,
c2c57cc9-abf8-4103-bb5f-433abee507d9,[],,,,,,,,,,
3a4a2584-1094-4d7b-a576-5e91dd663de3,[],,,,,,,,,,
b5e1b004-c50a-45b1-98ac-0583b6eceb60,[],,,,,,,,,,
8a0cea43-fb51-4019-979d-764764ccdea7,[],,,,,,,,,,
493e5f78-1968-4e7e-81d6-755445352a96,[],,,,,,,,,,
7eaaf731-130f-43e0-a7d3-8e98b549ed6a,[],,,,,,,,,,
3d33616a-c4e0-46f0-bb43-4cc919e2e807,[],,,,,,,,,,
72ab6603-3aec-40ec-a0cc-75b94e0d6d7a,[],,,,,,,,,,
78996535-c1da-4927-bdad-e70ee02cad76,[],,,,,,,,,,
a5c28e98-eb07-43bc-91ec-cb29c770491f,[],,,,,,,,,,
3d3cd234-7af2-4bd7-a5ed-dd800037c6e7,[],,,,,,,,,,
5c15e6e8-b859-4956-aa0c-e058ab6045fc,[],,,,,,,,,,
79820d99-4025-4795-8e82-95f4d2901b2b,[],,,,,,,,,,
a9522a70-c838-4270-b0e3-2f06dfe238e8,[],,,,,,,,,,
c8fa4d53-bb87-4eb9-bf1e-3f328cdc46f9,[],,,,,,,,,,
d9ae61a4-00f1-4f1c-9999-b978b2e3d389,[],,,,,,,,,,
b5133368-37ce-43ae-ae73-10bbd60c8d60,[],,,,,,,,,,
1f6bf754-8afa-4cdc-aac3-8f74589a62f2,[],,,,,,,,,,
9dc2af26-1989-4aa0-ab4c-f5f90c349a13,[],,,,,,,,,,
e439d03b-3c64-47e6-af1d-36b7778b8970,[],,,,,,,,,,
6190c2b2-7f7b-4e7a-9698-717079b6ae6a,[],,,,,,,,,,
c991aa5e-d318-4d9d-acbd-57fdf7c73cbd,[],,,,,,,,,,
5027d9dd-9e47-448f-926e-8efa67a3bc23,[],,,,,,,,,,
74cdff7c-2867-491a-8f53-504910a7f089,[],,,,,,,,,,
eb41dece-3939-4fc1-9e30-6b938df33572,[],,,,,,,,,,
877ab239-ab05-437f-85f9-ed833fe8edcd,[],,,,,,,,,,
ae3a612a-da7c-4c5e-850f-4ba893baaace,[],,,,,,,,,,
3bdddb39-71ee-43b8-b104-2a59b6c12ba0,[],,,,,,,,,,
ee59e343-a4cc-402e-8e1a-7b8fa4ba58d6,[],,,,,,,,,,
7b3cd5fc-e253-459d-af50-46f3554d567d,[],,,,,,,,,,
69959a3e-bba3-4699-9701-9c6ad6f7461e,[],,,,,,,,,,
e3929437-b519-4f76-baef-2582c528bbdc,[],,,,,,,,,,
7dfdee22-4d94-4b3b-ad9d-dc92ceece63a,[],,,,,,,,,,
8d1a1444-2a08-45f4-8a7e-4e02dd2c9a60,[],,,,,,,,,,
d108fdba-69fc-47d6-a827-2ef130d5f907,[],,,,,,,,,,
27ebebfb-eb0e-4ae9-bb84-664b7d6b9f17,[],,,,,,,,,,
32876bbf-c008-4f66-9195-4f10ca067b9e,[],,,,,,,,,,
e9b1762a-e63b-49ed-9ed5-7e737a79c09e,[],,,,,,,,,,
114ca8fe-e127-43b4-8889-f708e8e0633c,[],,,,,,,,,,
5149082c-09de-40f2-865e-090f2f6e0658,[],,,,,,,,,,
94ba5b0b-7914-4cb8-a873-ef6c28ea060c,[],,,,,,,,,,
822b44e6-256e-48f6-9b79-d8191feef2f2,[],,,,,,,,,,
6d62d667-80fd-4c92-a03d-6501f91f793b,[],,,,,,,,,,
bb0ee44e-a9d6-4bb5-9bcc-dba54f8097f7,[],,,,,,,,,,
1cc3e4af-f0d1-427f-8fba-639e1ef74fc0,[],,,,,,,,,,
0d439b46-46b3-41ac-93c7-ca7f21db4fa3,[],,,,,,,,,,
a0fb91d5-ee67-4ffe-9e39-44bd781412f5,[],,,,,,,,,,
19cdcbe7-c57d-4656-a25f-ec5ebeacaa13,[],,,,,,,,,,
e209aef5-82b0-4f1d-95d5-cb5e8743c3e4,[],,,,,,,,,,
9192f2e6-e9cb-476f-9f6c-e8b3d05f898e,[],,,,,,,,,,
e4a2cd4e-e7a2-4d1a-843e-63f0041c21f5,[],,,,,,,,,,
a0c4a55b-66c4-4b49-b727-a57b9e1ed751,[],,,,,,,,,,
da31a107-2df6-4f49-b7c2-f3b28f42380f,[],,,,,,,,,,
8fa7ca2d-065b-4324-961a-b39ddd989ea5,[],,,,,,,,,,
3c9c08e6-7cee-4eee-be37-3d289114093d,[],,,,,,,,,,
54393f3e-7b3e-4b4b-a90c-c78acf205a5d,[],,,,,,,,,,
bd51f30c-bc79-46bd-8a1a-e31f8e227a81,[],,,,,,,,,,
8ef57232-e1c2-4c78-8d0e-9527dcca1691,[],,,,,,,,,,
676591aa-b282-497f-bfff-5a3913985c6f,[],,,,,,,,,,
48c726c4-f494-4367-bf63-282f7d7ce50b,[],,,,,,,,,,
110492ca-3602-4894-9494-f3bdb57a8a48,[],,,,,,,,,,
49743ac9-d975-4f78-a3aa-9590be8a11d3,[],,,,,,,,,,
fb9c9d3b-da5f-4e84-9921-9c6f18b9687e,[],,,,,,,,,,
c9fce52c-83bd-43a3-a142-075ab46ff850,[],,,,,,,,,,
4f577c1a-e7d1-4abd-862b-4c9c2e07a372,[],,,,,,,,,,
e3a20f83-971a-4c09-bc10-025b52add67d,[],,,,,,,,,,
528a14f8-1016-41a9-9c18-ef716ef84cf7,[],,,,,,,,,,
cb4fdb33-7e0d-4b42-a3f8-b1be4aac1bca,[],,,,,,,,,,
393ce0cc-068b-49ca-bd2e-9ae1a4bb100f,[],,,,,,,,,,
1f7d5a49-0377-43ea-af1c-0dd045d19a1f,[],,,,,,,,,,
990b5df8-b93a-40ae-85dd-ed929b9844f3,[],,,,,,,,,,
f6a6a724-4205-47df-b237-65e2c8be8c40,[],,,,,,,,,,
fb6310cc-44b3-49d0-b52e-2a9d1563e2ce,[],,,,,,,,,,
cd0e6a51-65a3-4999-a198-112b367ab6c7,[],,,,,,,,,,
95e57b5f-709d-436e-acc4-d20f78868120,[],,,,,,,,,,
0eb613fb-f792-499e-9c05-e35dfc3fd8f8,[],,,,,,,,,,
3e78c3b3-7021-4cf9-955a-168e61d6bcde,[],,,,,,,,,,
e15f5f74-bd64-4ccd-a3f2-1dd98a1f0b62,[],,,,,,,,,,
c380fb96-df6e-4761-a681-aee7393ea7c0,[],,,,,,,,,,
113ebebf-5152-41f7-8bdd-532d8a271d48,[],,,,,,,,,,
f3a18191-1a5a-4397-941e-e0b894b823d9,[],,,,,,,,,,
571aa162-2845-4188-95b6-24444b6ca4ea,[],,,,,,,,,,
8a6cd8ea-7c8d-4016-abb9-82cced76ebfc,[],,,,,,,,,,
b9762b0f-a785-4131-8ccd-d24fcbd39ddb,[],,,,,,,,,,
be2afbcb-68f4-4706-8c6b-e1434351c1b1,[],,,,,,,,,,
ecfcc5a4-7aaf-4872-9f11-3a51e96454bc,[],,,,,,,,,,
dc731b0f-4225-4833-a198-eff0dc3e3915,[],,,,,,,,,,
6886ef86-fbbc-4444-bdf7-cc27ee7d711d,[],,,,,,,,,,
ef6bedf9-7445-4c86-830b-7319ff333c2c,[],,,,,,,,,,
b321b8f7-4c98-4ec8-9ea3-e6fd3b6cf6df,[],,,,,,,,,,
3becbfba-064e-40c4-a532-248393f8a573,[],,,,,,,,,,
8c6192e7-1ecf-4ea3-bbd0-c3a53e3b5c7b,[],,,,,,,,,,
936ad20a-1bf6-4805-b1fb-7eee35f535b2,[],,,,,,,,,,
c544c1ab-20ff-497d-a7e0-ccb7b3fec30f,[],,,,,,,,,,
047975ae-2b85-4088-8ee5-49dc965f059d,[],,,,,,,,,,
173643ef-3789-41a8-9110-9a7cfb377aa7,[],,,,,,,,,,
d4b3337c-72a1-4161-8960-78ed82f853ea,[],,,,,,,,,,
37b87793-a9c9-41cf-bd08-bac96f2ea527,[],,,,,,,,,,
b698046b-43c3-49ed-9dc3-efe059ccd55d,[],,,,,,,,,,
0dcaf013-3d9d-4d0c-b122-c3ba6f72b05e,[],,,,,,,,,,
3a0959ff-c688-4fd4-90a2-48e53b4a5e49,[],,,,,,,,,,
9d938f7b-02c9-4d90-984a-3059ba9ae920,[],,,,,,,,,,
a9cb1baf-6c06-46eb-bc3a-6a6c78516007,[],,,,,,,,,,
3140a8c2-92db-4fc5-a141-a5c727a6b1ab,[],,,,,,,,,,
3c6bad5d-c5a3-4d72-8e1c-85b5cc691d26,[],,,,,,,,,,
fedd6f26-ca67-48c1-be3a-7ac713e0f8ba,[],,,,,,,,,,
a1b55fa1-7f4e-4296-a282-98314c1d8074,[],,,,,,,,,,
9eb31f70-12dd-479f-b7f3-43fb8504039f,[],,,,,,,,,,
4fa6e7a8-4a08-4376-b273-31b2596c8f51,[],,,,,,,,,,
8e27cde9-4e26-41fb-b4d7-028e90fa31d0,[],,,,,,,,,,
65bde72e-b526-4920-abd4-d9e65baa5a07,[],,,,,,,,,,
e7555a48-0ba3-429a-b803-c373b468ebef,[],,,,,,,,,,
b063e460-913e-400a-af0f-485b56087bb4,[],,,,,,,,,,
a1eab022-1ed3-4c97-a447-6a7cdc282d9a,[],,,,,,,,,,
fd20ce9a-db67-46f8-a04f-446a4c6a6c52,[],,,,,,,,,,
ee2bd2d1-90b2-424f-acf4-273ec60e785d,[],,,,,,,,,,
58838d2f-6f4e-42d0-b624-327a5497467b,[],,,,,,,,,,
d483d18b-cd45-4590-a9a7-1a41a983b434,[],,,,,,,,,,
91bf0e0e-06c8-475c-bdad-7cc864bb027f,[],,,,,,,,,,
b47916eb-364f-417a-abc4-495243b04029,[],,,,,,,,,,
b4a93f02-6df9-4d7d-86ad-63e74959857d,[],,,,,,,,,,
c43ebd7c-6810-4da9-83b1-6d0dbee163a0,[],,,,,,,,,,
d4d6aa1e-e26f-40f1-8bfd-165b606ef519,[],,,,,,,,,,
ab4fe0ba-3337-479e-9d1c-1f685e4e998c,[],,,,,,,,,,
8297b238-5b15-46d3-a7d2-d3f00aeb8392,[],,,,,,,,,,
bad56a8d-2ae3-46bc-9e06-954124cce9d4,[],,,,,,,,,,
73d21bb8-6c1e-478e-8a2a-607fe774a780,[],,,,,,,,,,
ed3300e1-0a7e-4861-91f3-965666f68e93,[],,,,,,,,,,
918f0e9a-fc45-4e02-b393-f3dfe193b81d,[],,,,,,,,,,
